filename,original_psnr,original_ssim,original_uiqm,original_uciqe,conservative_psnr,conservative_ssim,conservative_uiqm,conservative_uciqe,balanced_psnr,balanced_ssim,balanced_uiqm,balanced_uciqe,aggressive_psnr,aggressive_ssim,aggressive_uiqm,aggressive_uciqe,selected_psnr,selected_ssim,selected_uiqm,selected_uciqe
n02607072_605.jpg,18.379095663316146,0.8005831837654114,1.5662589673719305,6.631250381469727,18.876079737148437,0.7966018319129944,1.4394808377886448,7.365312099456787,19.072052812582815,0.7903144955635071,1.4322539119222903,7.809144973754883,18.52520925324006,0.7712872624397278,1.5685327527784017,6.535669326782227,19.072052812582815,0.7903144955635071,1.4322539119222903,7.809144973754883
n01496331_687.jpg,23.45215081155725,0.8823873400688171,1.23956045437855,5.467623233795166,27.25390733217166,0.8019701838493347,0.7553793514341722,5.765041351318359,22.714462291685564,0.7648677825927734,0.9435376462319479,5.103352069854736,15.238700710106603,0.6342413425445557,1.51683442108888,3.797011137008667,27.25390733217166,0.8019701838493347,0.7553793514341722,5.765041351318359
n01917289_5243.jpg,17.791398056247303,0.7949330806732178,1.6234857316265257,7.486845016479492,20.715344332942216,0.8184260725975037,1.5031018880887677,6.46946907043457,22.858541343959615,0.8230728507041931,1.582543419969324,5.364880084991455,18.85889659668063,0.7755889892578125,2.1487915606179913,4.850999355316162,22.858541343959615,0.8230728507041931,1.582543419969324,5.364880084991455
n01914609_6514.jpg,15.78336305187425,0.722663938999176,1.9320525946959208,6.610629081726074,18.03769918811756,0.7716805934906006,1.511458225619201,7.262109756469727,19.62916436258439,0.7800284028053284,1.6176633754097614,6.307551383972168,17.262158744121855,0.6905987858772278,2.5737636943681443,4.362998008728027,19.62916436258439,0.7800284028053284,1.6176633754097614,6.307551383972168
n01914609_7205.jpg,13.982794590878282,0.6357836127281189,1.7852996545272835,3.2338948249816895,15.89954426565511,0.6801545023918152,1.300600557481796,3.74678111076355,17.239498711461785,0.7011327743530273,1.3752055727311703,3.6612393856048584,15.608770420867248,0.6648610234260559,2.044146152272073,4.653483867645264,17.239498711461785,0.7011327743530273,1.3752055727311703,3.6612393856048584
n01914609_4320.jpg,14.71871846672091,0.7504307627677917,1.6162153036812654,4.022647857666016,16.99438401190267,0.7797282338142395,1.3268229655658896,3.6658952236175537,18.899918670590903,0.7912197113037109,1.3900347847989725,3.6147828102111816,17.29711787431443,0.7611884474754333,1.8638966923429776,5.422440528869629,18.899918670590903,0.7912197113037109,1.3900347847989725,3.6147828102111816
n01914609_2571.jpg,18.17856036039293,0.7960087656974792,1.7023516746686034,8.164726257324219,19.50940421900948,0.7958836555480957,1.5511998209921574,8.682731628417969,20.250735404704862,0.788245439529419,1.5321886645858758,8.728150367736816,19.029824391119767,0.7535529136657715,1.578148577041163,6.721226692199707,20.250735404704862,0.788245439529419,1.5321886645858758,8.728150367736816
n01914609_4962.jpg,15.61730146825318,0.7709435820579529,1.1993651466901722,6.206362724304199,17.699413009969703,0.7968433499336243,1.0323427786257273,5.948667526245117,19.15306133138166,0.7990431189537048,1.064563908494923,5.236467361450195,17.141810634566546,0.7317755818367004,1.4050207283099359,3.2852587699890137,19.15306133138166,0.7990431189537048,1.064563908494923,5.236467361450195
n02607072_1419.jpg,19.933805352370563,0.7182722091674805,3.6086893995219063,4.871461391448975,21.614409275684153,0.7678322792053223,3.148613116800284,4.513189315795898,22.863127328078463,0.7890159487724304,3.2442905365677985,4.429608345031738,22.06576327438796,0.7530918717384338,4.107616280612225,5.9266276359558105,22.863127328078463,0.7890159487724304,3.2442905365677985,4.429608345031738
n01496331_5852.jpg,17.01834441418506,0.8347046971321106,0.8605939093758176,3.9123055934906006,18.492750683391094,0.8441916108131409,0.8190485781041219,4.0657501220703125,19.374868445062006,0.843486487865448,0.8134045123875808,3.9040799140930176,18.049221381872634,0.8156518936157227,0.8419758363677161,2.040285587310791,19.374868445062006,0.843486487865448,0.8134045123875808,3.9040799140930176
n01917289_2489.jpg,16.66861579712529,0.7279191017150879,1.3125128444275056,3.1363649368286133,19.986821470811858,0.7677181363105774,1.1746528289992995,3.1988542079925537,22.63375376216816,0.7759286761283875,1.336405404198456,3.674713134765625,17.74639407998462,0.6947153210639954,1.9966706582494436,4.284404277801514,22.63375376216816,0.7759286761283875,1.336405404198456,3.674713134765625
n01914609_4439.jpg,16.857408609200583,0.7708098292350769,1.3784866130762468,5.292987823486328,18.669186815809766,0.7286880612373352,0.9971295741923827,5.551961898803711,19.146936286465824,0.7209716439247131,1.0122737271236621,5.800642967224121,15.824839157894194,0.6719005107879639,1.131809621671224,7.040580749511719,19.146936286465824,0.7209716439247131,1.0122737271236621,5.800642967224121
n01914609_2786.jpg,15.139957656249877,0.8056874871253967,0.5720484850451744,4.327559471130371,17.46810364724228,0.8460130095481873,0.5475151335744854,4.367307186126709,19.28898371402546,0.8634368777275085,0.5621499652280615,4.229381084442139,17.171060669201243,0.8260648250579834,0.6887681296148928,5.832510948181152,19.28898371402546,0.8634368777275085,0.5621499652280615,4.229381084442139
n02606052_21698.jpg,15.596461398781312,0.7649504542350769,1.335998255216844,5.14968204498291,18.298136194018706,0.7880131602287292,1.2602079759442268,5.95816707611084,20.6907542142373,0.79937344789505,1.3510318953626077,6.929835319519043,18.130305783148632,0.7468597292900085,2.178880046754526,4.668393611907959,20.6907542142373,0.79937344789505,1.3510318953626077,6.929835319519043
n01917289_3865.jpg,16.90170972814362,0.7840667366981506,1.5222670476829356,4.738728046417236,18.674911921143,0.7920916080474854,1.4773267499144067,5.217118263244629,19.962370065513188,0.7907221913337708,1.469316629445419,5.46047830581665,18.86184917658194,0.764988124370575,1.4960196488257864,3.5555312633514404,19.962370065513188,0.7907221913337708,1.469316629445419,5.46047830581665
n01917289_4859.jpg,22.065606567581906,0.735120952129364,1.232280091245582,4.790143966674805,22.83415882688721,0.7107312083244324,0.6206406104232074,4.725000381469727,19.84444255901532,0.6887075304985046,0.6351685002573099,4.343619346618652,14.092563297412138,0.6176750659942627,0.7941701246875457,6.909376621246338,22.83415882688721,0.7107312083244324,0.6206406104232074,4.725000381469727
n01914609_4550.jpg,16.10438126447818,0.7391901016235352,1.8868021802518884,3.3371405601501465,18.816559056783152,0.805290162563324,1.565533956266986,3.671821117401123,20.555552308372725,0.8146741986274719,1.813394039550201,4.258017539978027,16.813347500758656,0.7139546275138855,2.9057182120148974,4.633050441741943,20.555552308372725,0.8146741986274719,1.813394039550201,4.258017539978027
n02606052_2537.jpg,15.344263000195825,0.6139488220214844,0.7217985805780857,6.169248580932617,16.42420201796864,0.6803882122039795,0.6488019026940284,6.811569690704346,17.480551515803533,0.7160347104072571,0.6529500752287126,6.516667366027832,19.00982437445137,0.7412438988685608,0.7020690041223292,4.3114848136901855,17.480551515803533,0.7160347104072571,0.6529500752287126,6.516667366027832
n01914609_3224.jpg,15.335559391352218,0.7388503551483154,1.275876543444379,6.430126190185547,17.331141827944318,0.7759659886360168,1.0346843005196213,6.148262023925781,18.521053970029342,0.7809579968452454,1.1148814141419754,4.903956413269043,16.164063397343497,0.7097346186637878,1.702180568500077,5.544856071472168,18.521053970029342,0.7809579968452454,1.1148814141419754,4.903956413269043
n01914609_3722.jpg,19.02076736587745,0.8084425330162048,1.528441771676591,4.109586715698242,21.13445993182056,0.8225780129432678,1.4421865174792536,3.4597675800323486,22.33222113477739,0.8135011792182922,1.4609051780862397,3.3250789642333984,19.58754492144557,0.7413725852966309,1.747561243206191,5.520785331726074,22.33222113477739,0.8135011792182922,1.4609051780862397,3.3250789642333984
n01917289_2835.jpg,12.075808764981664,0.5833218097686768,3.173062294174584,6.541025638580322,13.818689088922065,0.6472803950309753,1.5209903470106896,6.978577613830566,15.449261041938446,0.6837144494056702,1.627989862958254,6.76816463470459,16.04976939567227,0.6571775078773499,2.3730119112798045,5.491389274597168,15.449261041938446,0.6837144494056702,1.627989862958254,6.76816463470459
n01917289_3539.jpg,16.442476060514373,0.6340450644493103,1.0231479258750753,4.008167743682861,18.92073948276617,0.6640918850898743,0.9467672200619017,4.321324825286865,20.631678777139847,0.6740290522575378,0.9938855077506067,3.9620227813720703,17.611463873255516,0.6407058238983154,1.219844829192851,5.1037092208862305,20.631678777139847,0.6740290522575378,0.9938855077506067,3.9620227813720703
n01914609_11609.jpg,15.731462173141491,0.6658641695976257,1.783576736344104,4.61738920211792,18.195683597955608,0.6946316361427307,1.7868187756004144,4.83200740814209,20.0864395648735,0.7103789448738098,1.9045255485545414,3.897857904434204,17.518820198220546,0.6882918477058411,2.9962566269372317,2.1896650791168213,20.0864395648735,0.7103789448738098,1.9045255485545414,3.897857904434204
n01917289_2663.jpg,12.816883113573589,0.6199292540550232,3.7433156118672164,5.473681449890137,14.474655870384666,0.6846418380737305,2.0948328219159613,6.292853355407715,15.78565683933338,0.7101137042045593,2.332728683260352,6.279128074645996,15.343872436335712,0.6279793381690979,4.0761512123913155,3.8445370197296143,15.78565683933338,0.7101137042045593,2.332728683260352,6.279128074645996
n02607072_3937.jpg,19.23956570377019,0.8119738698005676,2.8279621134154125,7.469267845153809,21.143931271237108,0.8213601112365723,2.5540655268443215,7.018984794616699,22.106888645657907,0.8136865496635437,2.719289954578191,6.508265018463135,19.539375187197518,0.7621281147003174,3.29098128538271,6.098583221435547,22.106888645657907,0.8136865496635437,2.719289954578191,6.508265018463135
n01917289_2129.jpg,18.58701152635566,0.7942914962768555,3.448934854861837,3.380312442779541,21.176908320005687,0.8299331068992615,3.0099915557691186,2.803441286087036,21.853981229376124,0.8227388858795166,3.431827664495996,3.207282781600952,17.134997049815063,0.7141028046607971,5.406116677073312,3.622013568878174,21.853981229376124,0.8227388858795166,3.431827664495996,3.207282781600952
n01917289_4317.jpg,8.934554865603717,0.5986669063568115,0.9650899644592122,2.1881332397460938,10.210078582343877,0.6448147892951965,0.564986922965532,2.167011022567749,11.517138580707517,0.6824415326118469,0.5528610119846981,2.2238337993621826,13.537593762936277,0.7260153293609619,0.5955349393999791,2.2513864040374756,13.537593762936277,0.7260153293609619,0.5955349393999791,2.2513864040374756
n02607072_261.jpg,18.417088491307613,0.8320760726928711,0.8308724270607148,6.077049732208252,20.215763655051333,0.8340694904327393,0.8018054891211637,6.5121612548828125,21.358448350961883,0.8247624039649963,0.8069878980433465,6.198364734649658,19.807343927604197,0.7778060436248779,0.9131386908318867,4.386334419250488,21.358448350961883,0.8247624039649963,0.8069878980433465,6.198364734649658
n02606052_19203.jpg,19.031972333724404,0.7599392533302307,2.7647538850759483,11.718247413635254,21.946998237183053,0.8202170729637146,1.7868327320947204,11.60909366607666,22.477545084337418,0.8021877408027649,2.247538875484668,10.921712875366211,17.035567346089863,0.6124091744422913,3.5188897209208454,8.806389808654785,22.477545084337418,0.8021877408027649,2.247538875484668,10.921712875366211
n01917289_2543.jpg,15.272418900457975,0.6214627623558044,1.7555192029157478,2.864588737487793,17.67645863876289,0.6397219300270081,1.5806013564337509,3.030454635620117,19.484377837174716,0.6460289359092712,1.7114082508105768,3.2216172218322754,16.987299906885966,0.618195116519928,2.2931684063222386,2.7440483570098877,19.484377837174716,0.6460289359092712,1.7114082508105768,3.2216172218322754
n01914609_6381.jpg,15.927999230374104,0.6809421181678772,1.2871519337139292,5.2361650466918945,18.03966620171225,0.7254056930541992,1.1823257826205378,5.080697059631348,19.688618105328,0.7300281524658203,1.2444562886698123,4.57351541519165,18.116292104702648,0.6456694006919861,1.577035234180522,3.81241512298584,19.688618105328,0.7300281524658203,1.2444562886698123,4.57351541519165
n02606052_16084.jpg,17.41530210525169,0.5831696391105652,3.1478060406257944,7.22893762588501,19.9891006075647,0.6461898684501648,2.040151301063147,6.243167877197266,20.951204886989352,0.6660440564155579,2.8842864481012054,4.95597505569458,16.67022284974215,0.5426356196403503,3.798218511207697,5.704561710357666,20.951204886989352,0.6660440564155579,2.8842864481012054,4.95597505569458
n01917289_834.jpg,17.861848370415775,0.8238511085510254,2.334751820100773,4.851983070373535,20.407374747420754,0.8419875502586365,2.2476420165383333,5.520409107208252,21.674065754852947,0.8365991711616516,2.31787310394943,5.922074794769287,17.713430684679096,0.7600703835487366,2.654312573288557,4.290461540222168,21.674065754852947,0.8365991711616516,2.31787310394943,5.922074794769287
n02607072_4496.jpg,15.166612783237255,0.6065768599510193,3.280678530152672,7.38529634475708,17.024503147523088,0.6507411003112793,2.5228129940305943,7.513717174530029,18.13874863102882,0.6585467457771301,2.853032321202461,6.499668598175049,16.147783372942264,0.5700350999832153,4.651232343415883,4.9157304763793945,18.13874863102882,0.6585467457771301,2.853032321202461,6.499668598175049
n02606052_6230.jpg,19.192226680832835,0.8126067519187927,1.4635815964385912,8.77958869934082,22.550128235906378,0.8590700626373291,1.3922243254493931,9.580881118774414,23.350951004169936,0.8447465300559998,1.5265466955929679,9.579033851623535,17.289992463236153,0.7055726051330566,2.6234626832668093,7.32682466506958,23.350951004169936,0.8447465300559998,1.5265466955929679,9.579033851623535
n01917289_3276.jpg,19.171476885964736,0.8781666159629822,2.249630995258499,4.224363327026367,22.04477456503637,0.8904745578765869,2.153529604768936,4.129887580871582,23.883784312127815,0.8901147842407227,2.1424349825598727,3.9542508125305176,19.659534712054857,0.8563941121101379,2.235602498747924,3.145587682723999,23.883784312127815,0.8901147842407227,2.1424349825598727,3.9542508125305176
n01665541_2568.jpg,11.77306579225606,0.6547034382820129,1.4080730727004593,3.0089967250823975,13.240253643781926,0.6938319802284241,1.0419463343245918,3.278346300125122,14.457806520121439,0.7153609395027161,1.10912015634609,3.251999616622925,14.55843135278301,0.6943088173866272,1.5895922889182548,4.829741477966309,14.457806520121439,0.7153609395027161,1.10912015634609,3.251999616622925
n01917289_297.jpg,18.92126894676547,0.8170246481895447,1.6649932879569367,3.8731746673583984,22.321287506274,0.8483193516731262,1.4932594463123496,3.717160224914551,23.106694857827463,0.8502631783485413,1.6462747222597391,3.4610495567321777,16.91568973022777,0.7618209719657898,2.702168239188998,3.3833963871002197,23.106694857827463,0.8502631783485413,1.6462747222597391,3.4610495567321777
n01664065_4161.jpg,16.642757734451504,0.74241703748703,1.633202957580874,2.3520498275756836,18.98658168760917,0.7608601450920105,1.6040501477210398,2.808579206466675,20.334974611333713,0.7648794054985046,1.683872958173871,3.2382748126983643,17.106695347826022,0.7222435474395752,2.256663503441695,2.1844241619110107,20.334974611333713,0.7648794054985046,1.683872958173871,3.2382748126983643
n01914609_3309.jpg,15.529702762803383,0.7149685025215149,1.5025552585145798,6.457827568054199,17.223805755997926,0.749573290348053,1.2730560850099146,5.89088773727417,18.748336782603594,0.7608604431152344,1.2969823973812653,4.6366353034973145,19.063052378451662,0.7325043678283691,1.6948959333600242,4.274967670440674,18.748336782603594,0.7608604431152344,1.2969823973812653,4.6366353034973145
n01917289_804.jpg,14.428105789075394,0.6987407803535461,1.962868804786676,5.827681541442871,16.08282772867614,0.7351109385490417,1.7910408514804677,6.2094316482543945,17.124526136638597,0.7480179667472839,1.8867872364422662,4.961697578430176,15.625516248970012,0.6982747912406921,2.9236906066531425,5.210854530334473,17.124526136638597,0.7480179667472839,1.8867872364422662,4.961697578430176
n02607072_392.jpg,16.448443571838183,0.7522723078727722,1.549126843372995,4.342559337615967,18.695528673164738,0.8050158023834229,1.3110222230015631,4.8450822830200195,20.213648514739944,0.8325909972190857,1.3981554804511465,3.4481754302978516,17.720895256291662,0.8152126669883728,1.737689613986631,5.416965484619141,20.213648514739944,0.8325909972190857,1.3981554804511465,3.4481754302978516
n01917289_3274.jpg,13.163945817525915,0.6114133596420288,2.93216853167649,5.675663471221924,14.968284673705876,0.6935586929321289,1.60548288783026,5.769216537475586,16.46909336513306,0.712617814540863,1.846493186831989,4.659114360809326,16.117633852974834,0.6270685195922852,2.9216886335007697,4.811855792999268,16.46909336513306,0.712617814540863,1.846493186831989,4.659114360809326
n01917289_4823.jpg,17.189767871395425,0.7843880653381348,1.3791978798701399,4.474543571472168,19.577967962398088,0.798443078994751,1.317412636594297,4.799870491027832,20.667388456843973,0.8006277084350586,1.3538879488289326,4.718514442443848,16.88324686017848,0.7700257897377014,1.627952914715832,4.182701110839844,20.667388456843973,0.8006277084350586,1.3538879488289326,4.718514442443848
n02607072_10894.jpg,14.871206101818329,0.789970874786377,0.658158779170464,3.713228702545166,16.73173398679245,0.8218750357627869,0.6299423974012897,3.955796003341675,17.793397304617503,0.8306532502174377,0.6646345804573262,4.080999374389648,15.583452038594947,0.7719487547874451,0.8521197008965892,3.086031198501587,17.793397304617503,0.8306532502174377,0.6646345804573262,4.080999374389648
n01914609_13794.jpg,17.588915862959304,0.6710209250450134,1.824933150312594,7.415362358093262,19.268613637826956,0.7000722289085388,1.6064838367731502,7.46130895614624,20.40410801925256,0.7016825675964355,1.6419563583430787,6.95650053024292,19.126225126481554,0.6449814438819885,2.1282669002047108,5.716327667236328,20.40410801925256,0.7016825675964355,1.6419563583430787,6.95650053024292
n01914609_20280.jpg,15.903319789018703,0.8397226929664612,1.320243795333588,4.18461799621582,17.954255953864816,0.8568394184112549,1.2589604971910278,4.712377071380615,19.571749666114634,0.8576428294181824,1.2831633038609898,4.803858280181885,18.207862415989688,0.8091709017753601,1.5055830646197563,3.301640510559082,19.571749666114634,0.8576428294181824,1.2831633038609898,4.803858280181885
n01917289_211.jpg,16.182407774846116,0.6356765031814575,2.3782791613072902,5.075826644897461,18.909262074809806,0.6563330292701721,1.413733782338207,5.948672771453857,20.633230035965028,0.6546756029129028,1.8584667174770537,6.207265377044678,16.98577592633111,0.5305929780006409,3.086408826871817,5.834410190582275,20.633230035965028,0.6546756029129028,1.8584667174770537,6.207265377044678
n01664065_2082.jpg,15.252115278142778,0.6219034790992737,1.5894796796683983,5.058788776397705,17.616643279950036,0.7024256587028503,0.7338869834142974,4.943955421447754,19.295813344035736,0.7321202158927917,0.7715834736087297,3.3936214447021484,16.699138251731554,0.6862762570381165,1.1940495674682792,6.3561553955078125,19.295813344035736,0.7321202158927917,0.7715834736087297,3.3936214447021484
n01496331_115.jpg,16.446351951847056,0.6655547618865967,1.727323873472816,3.2831125259399414,19.431716830468197,0.7463085055351257,1.4439145574360064,3.487424850463867,21.667478741866898,0.767191469669342,1.7078460110569367,3.645077705383301,17.665744300187278,0.6173861622810364,3.342009491547536,3.797222375869751,21.667478741866898,0.767191469669342,1.7078460110569367,3.645077705383301
n02606052_9094.jpg,17.18724164628395,0.7453563809394836,2.3774917221477203,7.903131484985352,20.257453260632175,0.8038413524627686,1.497190269827181,7.974178791046143,22.130160292674827,0.8056569695472717,1.621441618431755,7.491067409515381,17.49567836932811,0.6643182635307312,2.7593962197919053,7.281576156616211,22.130160292674827,0.8056569695472717,1.621441618431755,7.491067409515381
n02606052_4919.jpg,16.912015472134584,0.6956645846366882,2.380379765529436,11.32310676574707,17.83984938526717,0.7353806495666504,2.1168164279820316,11.366265296936035,18.70571612383045,0.7546128630638123,2.1684101116094943,11.380067825317383,19.84924805870178,0.7394120693206787,2.470820675347788,10.754964828491211,18.70571612383045,0.7546128630638123,2.1684101116094943,11.380067825317383
n01914609_10613.jpg,17.583402198897854,0.7808791995048523,0.8318084446027967,4.266139984130859,21.623699824717853,0.8000906109809875,0.8263170748824863,5.145164489746094,24.716491704525918,0.8051820397377014,0.8568877825053038,4.925670623779297,17.559884033992915,0.7733798027038574,0.9803264088620449,3.6203975677490234,24.716491704525918,0.8051820397377014,0.8568877825053038,4.925670623779297
n01914609_307.jpg,15.912893357949336,0.7542500495910645,1.710478014490844,4.919490814208984,17.65673522517238,0.7910735011100769,1.5302915991153683,4.371335983276367,18.910119834759037,0.8015697598457336,1.5860676487739216,4.1817097663879395,17.763840972390025,0.7673212885856628,2.2836656171584355,3.8510630130767822,18.910119834759037,0.8015697598457336,1.5860676487739216,4.1817097663879395
n01917289_1325.jpg,18.452293482754477,0.8037939071655273,1.2163148510112283,3.707115888595581,21.53843210377762,0.8442830443382263,1.1749899404220376,3.5874879360198975,23.83323811579398,0.8479138016700745,1.232143632516758,3.2282679080963135,19.516101012727777,0.7279000282287598,2.0397227858308797,2.5835258960723877,23.83323811579398,0.8479138016700745,1.232143632516758,3.2282679080963135
n01917289_4028.jpg,19.068383503397378,0.7302562594413757,1.3632267859982128,2.2529308795928955,21.416507675513586,0.7371201515197754,1.3090513613479309,2.227905035018921,22.128830002537256,0.7360227704048157,1.320434171608057,1.974084734916687,17.94112862546912,0.7089986205101013,1.4676790344655275,2.1819329261779785,22.128830002537256,0.7360227704048157,1.320434171608057,1.974084734916687
n01914609_9929.jpg,18.109718651001934,0.47621098160743713,3.0564344671424384,3.7246665954589844,20.04244110608925,0.5287737250328064,2.1739997538909503,3.1171188354492188,21.306352916991603,0.5787733793258667,3.375127002805432,2.7100510597229004,19.69960688570216,0.4836715757846832,4.881609414149834,4.037349700927734,20.04244110608925,0.5287737250328064,2.1739997538909503,3.1171188354492188
n02607072_10903.jpg,17.855950896870976,0.7278429865837097,1.8342496950401785,7.1710591316223145,20.569653265492885,0.7634010314941406,1.607808745559657,7.1138916015625,22.79173963288365,0.7667107582092285,1.6547119318493309,6.502506256103516,19.823049648219797,0.7019030451774597,2.258219906027897,4.325709819793701,22.79173963288365,0.7667107582092285,1.6547119318493309,6.502506256103516
n02607072_4032.jpg,16.665023490031253,0.6534340381622314,2.0517830626515785,5.862325668334961,17.631354163844165,0.6828966736793518,1.9677675152430396,5.117805004119873,18.5031035966604,0.7011979222297668,2.0221435522748368,4.417902946472168,19.468656893806685,0.7032403945922852,2.3340832929775894,4.71840238571167,19.468656893806685,0.7032403945922852,2.3340832929775894,4.71840238571167
n01914609_16896.jpg,16.88191597520587,0.7885920405387878,1.4828936777698287,4.276196002960205,20.288585685972777,0.8377465605735779,1.3499186402249694,4.426279067993164,23.823480087096275,0.8532409071922302,1.3955093713492137,3.0214316844940186,19.386335945303056,0.7834396958351135,2.048157334401167,3.9729669094085693,23.823480087096275,0.8532409071922302,1.3955093713492137,3.0214316844940186
n02606052_12861.jpg,22.33685110631417,0.7949915528297424,1.6267183169070036,12.504948616027832,24.10500662129269,0.7517430186271667,0.902133425676847,10.17685604095459,21.21684374848011,0.6419084668159485,1.3987813659678299,8.007750511169434,15.170225421769466,0.5509451031684875,1.2576979160621988,8.050025939941406,24.10500662129269,0.7517430186271667,0.902133425676847,10.17685604095459
n02606052_22119.jpg,17.62789338074134,0.734943687915802,2.220812445160555,9.24470043182373,20.21944112588851,0.7541676163673401,1.6354872300341778,9.069927215576172,21.996493085872075,0.7741081714630127,1.8900162545286467,8.35433578491211,18.797031419729045,0.6923386454582214,3.072500280945567,5.758900165557861,21.996493085872075,0.7741081714630127,1.8900162545286467,8.35433578491211
n01917289_1806.jpg,11.067864651748474,0.5263274312019348,2.30522309551869,2.9972493648529053,12.758337615777082,0.5756648182868958,0.8597721458163,2.942882537841797,14.495569448542994,0.6110885143280029,0.855270749287776,2.8499794006347656,16.23177375971627,0.6364618539810181,0.9589472126299943,2.6523048877716064,14.495569448542994,0.6110885143280029,0.855270749287776,2.8499794006347656
n01917289_2950.jpg,14.693112485860013,0.7685728669166565,4.136064934670172,6.3339409828186035,17.009798220322658,0.8229761123657227,2.9198987828666536,6.867902755737305,18.87654265899091,0.8402727246284485,3.288492656502894,6.726555347442627,17.09581499234899,0.7650803923606873,5.343790731939275,3.6641783714294434,18.87654265899091,0.8402727246284485,3.288492656502894,6.726555347442627
n01496331_4841.jpg,16.262693262953803,0.680534839630127,3.3663749290749436,6.4957804679870605,17.837239101725817,0.7262330055236816,1.8510446632033322,6.673934459686279,17.950115982374506,0.6777418255805969,2.2142408702320324,5.649954795837402,14.723423096685924,0.4940333068370819,4.150757782685149,4.318984031677246,17.950115982374506,0.6777418255805969,2.2142408702320324,5.649954795837402
n02606052_18924.jpg,17.655593556705917,0.7691187262535095,1.8745579737023859,10.784749031066895,19.28279174457371,0.7816374897956848,1.751620245387023,11.769542694091797,20.497314556017262,0.7816658616065979,1.7534093989492117,12.38918399810791,19.745937308162752,0.7526624202728271,1.8992112009568758,10.684953689575195,20.497314556017262,0.7816658616065979,1.7534093989492117,12.38918399810791
n02607072_5133.jpg,15.891824021929859,0.6941719055175781,2.2847274067033414,3.617213726043701,18.61122965561417,0.7557266354560852,1.8155426445653835,3.9651830196380615,20.614065870426135,0.7742732167243958,1.964161017695858,3.2400996685028076,17.195775538113455,0.6680682301521301,3.5565875628021058,5.4821600914001465,20.614065870426135,0.7742732167243958,1.964161017695858,3.2400996685028076
n02607072_663.jpg,18.608139304975854,0.6559974551200867,3.0711191704501957,4.8981733322143555,20.111778782069713,0.7076705098152161,2.6169032333269064,4.063516616821289,21.49747377500867,0.7325971722602844,2.7260687027592962,3.5349137783050537,22.323078625164232,0.7190043330192566,3.3632224660024517,5.261257171630859,21.49747377500867,0.7325971722602844,2.7260687027592962,3.5349137783050537
n01496331_28398.jpg,18.868976405279646,0.785123348236084,2.412260232300972,4.445367813110352,20.462872628822574,0.8043670654296875,2.319066527638072,4.023752689361572,21.417887698854486,0.808886706829071,2.3019415924663225,3.6088554859161377,19.91421116229085,0.7885854840278625,2.3632846310089093,3.50417160987854,21.417887698854486,0.808886706829071,2.3019415924663225,3.6088554859161377
n01496331_1831.jpg,16.241406959001473,0.7403239607810974,1.4719587025878735,4.270737171173096,19.006687037443946,0.7847487330436707,1.2356968964650572,4.81671142578125,20.886105164645215,0.7967345118522644,1.3154425933885205,4.216921806335449,17.07721224807959,0.7162579894065857,1.9744741666730887,3.5506484508514404,20.886105164645215,0.7967345118522644,1.3154425933885205,4.216921806335449
n01914609_10612.jpg,20.365494017946517,0.542462170124054,2.3720498926338056,4.9458394050598145,20.677391354878107,0.4905552864074707,2.055424932220043,5.075896739959717,20.810319011046005,0.5104432106018066,2.2453480105737924,5.087443828582764,20.5197181982928,0.5883808135986328,3.436883015838398,5.1648993492126465,20.810319011046005,0.5104432106018066,2.2453480105737924,5.087443828582764
n01914609_1739.jpg,17.85727798480814,0.8156299591064453,1.6983668736223676,4.0223069190979,20.13082012060231,0.8322732448577881,1.5953482825718974,3.3233835697174072,22.00424081640165,0.8253986835479736,1.6138771064354471,2.579993724822998,20.302451358983117,0.7505058646202087,1.8320509819367403,4.638312816619873,22.00424081640165,0.8253986835479736,1.6138771064354471,2.579993724822998
n02607072_4973.jpg,17.97246039623239,0.8353134989738464,1.0723082749146151,5.211264133453369,21.53926143553282,0.8645831942558289,1.0773375291471434,5.800264358520508,25.050723186203836,0.8715526461601257,1.1107939225862729,5.366641998291016,19.82245279219042,0.817737877368927,1.3391730011220142,3.4059762954711914,25.050723186203836,0.8715526461601257,1.1107939225862729,5.366641998291016
n01914609_6092.jpg,10.95777994094971,0.42075681686401367,2.211302702478819,4.514881134033203,12.768518097152622,0.48408153653144836,0.6312665069841138,4.6102824211120605,14.788142154962461,0.5307595133781433,0.6275330624925904,4.758479118347168,17.71043952423947,0.5690274834632874,0.7301103776091635,4.742594242095947,14.788142154962461,0.5307595133781433,0.6275330624925904,4.758479118347168
n02606052_7242.jpg,15.029585320819494,0.582088053226471,2.1450616693128413,8.47223949432373,17.14163612124353,0.6243892908096313,1.3463924225988926,7.9865875244140625,18.733883879202327,0.6429135203361511,1.5806834154763676,6.5187273025512695,17.036891167409483,0.5482347011566162,2.594640258538599,4.473471641540527,18.733883879202327,0.6429135203361511,1.5806834154763676,6.5187273025512695
n01914609_2593.jpg,18.031489498566945,0.7469699382781982,1.663692610165885,7.507894515991211,20.103841544362435,0.7740369439125061,1.5556867869147724,7.526192665100098,21.6554287638523,0.7797622680664062,1.5753168804684914,6.763535976409912,19.99862052606392,0.7429407238960266,1.8503081681446925,4.560304641723633,21.6554287638523,0.7797622680664062,1.5753168804684914,6.763535976409912
n02607072_440.jpg,16.108783378579773,0.7335609793663025,2.4929990900839814,7.450714588165283,17.69980088705633,0.7586056590080261,1.7346155692348688,7.408518314361572,18.12688250293362,0.7421917915344238,1.8388240590630374,6.865741729736328,15.277950558823793,0.6168844103813171,2.678937640491327,4.154019832611084,18.12688250293362,0.7421917915344238,1.8388240590630374,6.865741729736328
n01914609_7186.jpg,15.99708301597209,0.7478438019752502,1.4936913344745055,3.936340093612671,16.52052802557875,0.7524451613426208,1.3203916214044749,4.150959014892578,16.77240009648727,0.747119128704071,1.3121960229379337,4.648480415344238,16.34148741469097,0.7293189167976379,1.4160059064434898,3.46116042137146,16.34148741469097,0.7293189167976379,1.4160059064434898,3.46116042137146
n02607072_3666.jpg,13.25325220168317,0.7085550427436829,0.9699702785380863,5.338596343994141,14.318959453568088,0.7439126372337341,0.832923935569932,6.030086517333984,14.689918253823862,0.7520149350166321,0.9464153221237488,6.880130290985107,13.069931968536203,0.6874539256095886,1.3869184922201199,6.095203876495361,14.689918253823862,0.7520149350166321,0.9464153221237488,6.880130290985107
n02606052_22675.jpg,17.814868911666046,0.7318218350410461,2.0287870562802914,9.043356895446777,20.95382732721886,0.7964275479316711,1.456945643118586,9.031545639038086,22.37743627986235,0.7902278304100037,1.6369177126761254,8.03840160369873,17.096465771499687,0.6408212184906006,2.9087450546782474,6.079154968261719,22.37743627986235,0.7902278304100037,1.6369177126761254,8.03840160369873
n02606052_57.jpg,14.280712361221786,0.6999945640563965,1.7191496676056928,6.72843599319458,16.356073326866692,0.7567625045776367,1.3079408969319963,6.753933906555176,18.007155832774878,0.7768979072570801,1.405964127464633,5.803240776062012,16.652611557018638,0.7061015963554382,2.150829041582301,5.415339469909668,18.007155832774878,0.7768979072570801,1.405964127464633,5.803240776062012
n01917289_4797.jpg,16.592055278108976,0.6437360644340515,1.416466724369779,5.9055399894714355,19.46354789004265,0.7161467671394348,1.0591850935804992,6.358116149902344,21.197194427031384,0.7261704802513123,1.2647261082400214,5.372103214263916,16.904123429172063,0.6503236889839172,1.92623693335627,5.642306804656982,21.197194427031384,0.7261704802513123,1.2647261082400214,5.372103214263916
n01914609_489.jpg,16.873708541098186,0.7170622944831848,1.7468850945466763,6.104126453399658,19.562707063711212,0.8097562789916992,1.3744684289387916,6.675947666168213,20.983956265118422,0.7842991352081299,1.9642813973985942,6.3002753257751465,17.413473678917807,0.663451611995697,2.7595860641415357,4.549287796020508,20.983956265118422,0.7842991352081299,1.9642813973985942,6.3002753257751465
n01496331_800.jpg,11.934178679373167,0.769219160079956,0.6246622813723325,3.128910779953003,13.513173869244175,0.7987933158874512,0.5665526322492946,3.6654052734375,14.871788364579535,0.8174723982810974,0.5945096954433049,3.7982981204986572,15.041124704561566,0.8173665404319763,0.6821665159719221,4.785703182220459,14.871788364579535,0.8174723982810974,0.5945096954433049,3.7982981204986572
n02606052_5093.jpg,15.636431943478446,0.7510350346565247,0.8775959834975429,5.569711208343506,17.924283881761298,0.7736555933952332,0.8356877793272868,5.752461910247803,20.149798546068943,0.7675098776817322,0.8567395321639534,5.133923530578613,19.63578405205053,0.6924710869789124,0.987506228454205,5.775003433227539,20.149798546068943,0.7675098776817322,0.8567395321639534,5.133923530578613
n01914609_13354.jpg,20.15038456964799,0.7756802439689636,3.2241598299039635,5.1568427085876465,21.98801350156829,0.8145053386688232,2.8113719856963852,4.396400451660156,22.751813556681164,0.7928027510643005,3.3118762268013207,3.9233412742614746,20.024638995281148,0.6595773696899414,4.668606618074707,5.6515960693359375,22.751813556681164,0.7928027510643005,3.3118762268013207,3.9233412742614746
n02607072_2061.jpg,15.449211080294328,0.6295804977416992,1.9383981469953278,6.499165058135986,17.54110664780637,0.6856918334960938,1.033559877471279,6.5489606857299805,18.542160977115387,0.6953367590904236,1.1587847210258069,6.367114067077637,15.570664405880848,0.6363570094108582,1.7407063084088918,7.100904941558838,17.54110664780637,0.6856918334960938,1.033559877471279,6.5489606857299805
n01917289_3509.jpg,16.52571436181364,0.6924453377723694,1.5706934931879288,6.127800464630127,17.757581324564843,0.687774121761322,0.9410268981343907,5.311686038970947,17.359653425605607,0.6667017936706543,1.1381165846939298,4.3537211418151855,13.757833361482293,0.5961439609527588,1.5096645915455815,4.928053379058838,17.359653425605607,0.6667017936706543,1.1381165846939298,4.3537211418151855
n01917289_4669.jpg,17.352210767045243,0.7387159466743469,1.1414228067014045,5.834997653961182,18.475413838308924,0.7093419432640076,0.33281285245146364,6.317273139953613,17.64936030102279,0.7015631794929504,0.3444262644234982,5.236552715301514,13.518035364693915,0.6512789130210876,0.40565574160983003,5.333369255065918,18.475413838308924,0.7093419432640076,0.33281285245146364,6.317273139953613
n02607072_4309.jpg,16.129508847441414,0.7260786890983582,2.025347686110461,8.922460556030273,18.144267587895552,0.7471835017204285,1.6871291791496028,7.883944511413574,19.217004474584034,0.729246199131012,1.9655362425915008,6.515902519226074,16.54635511289182,0.6305485367774963,2.819335524323048,4.981242656707764,19.217004474584034,0.729246199131012,1.9655362425915008,6.515902519226074
n02606052_7702.jpg,18.92389224517503,0.7852045893669128,1.714285735755686,7.774580955505371,22.454542824117727,0.832827627658844,1.5178615367663126,8.236811637878418,24.632878804860837,0.8418247103691101,1.5800350998325232,7.880012035369873,18.696625649588867,0.7517768740653992,2.429507806915246,6.46586275100708,24.632878804860837,0.8418247103691101,1.5800350998325232,7.880012035369873
n01917289_2536.jpg,17.147198245565313,0.845766544342041,1.4694755564295978,6.561530113220215,20.06201474513411,0.8646750450134277,1.419863501009969,6.460003852844238,22.60877215495946,0.8700094223022461,1.4358582989650568,6.001461505889893,19.298330363169455,0.833911120891571,1.5937252568686737,4.247945308685303,22.60877215495946,0.8700094223022461,1.4358582989650568,6.001461505889893
n02607072_3296.jpg,20.88021868755407,0.7529099583625793,1.3538701976806589,5.018380641937256,22.638857562893413,0.7579590678215027,1.217708094696687,4.741189479827881,22.30406091279994,0.7446074485778809,1.2671047296384814,4.567673206329346,17.90729508699307,0.6370697617530823,1.7733934238268603,5.921426296234131,22.30406091279994,0.7446074485778809,1.2671047296384814,4.567673206329346
n01917289_3285.jpg,15.021691675464586,0.7112452387809753,2.2140255581675543,6.072999954223633,16.825101290001747,0.734586775302887,1.9990436168242218,6.5287861824035645,17.894951102666624,0.7412654757499695,2.0871059372641687,5.570493221282959,15.924809972808983,0.7046698927879333,2.850376446501595,3.6052558422088623,17.894951102666624,0.7412654757499695,2.0871059372641687,5.570493221282959
n01914609_6656.jpg,16.152802128615203,0.6302514672279358,1.8771877820285714,5.755188941955566,16.46503501074009,0.6812882423400879,1.5055387346398692,6.410181999206543,16.64754820523076,0.6768982410430908,1.4884664621291719,6.806396484375,16.56858654102117,0.6282530426979065,1.58499152487048,4.905488967895508,16.64754820523076,0.6768982410430908,1.4884664621291719,6.806396484375
n02606052_4805.jpg,18.96612712909168,0.7529127597808838,3.7418022654486087,10.971884727478027,21.055697320618716,0.8047882914543152,2.6380642521679043,10.454998016357422,21.828224451315407,0.7812510132789612,2.8842804182599697,9.758166313171387,18.390915396767355,0.6243205070495605,4.941123506265517,8.073553085327148,21.828224451315407,0.7812510132789612,2.8842804182599697,9.758166313171387
n02607072_5091.jpg,18.766782247496728,0.7639527320861816,1.255160912031636,4.951688766479492,20.142132115424367,0.7674798369407654,1.1402091503143417,4.4923930168151855,20.16705617515184,0.756935179233551,1.1205623997804728,4.218682765960693,16.95572831214158,0.6951425075531006,1.1297268086601069,4.422711372375488,20.16705617515184,0.756935179233551,1.1205623997804728,4.218682765960693
n02606052_13402.jpg,17.189874886209548,0.845022976398468,1.4747937082270526,9.288558959960938,18.706431714665715,0.8655568957328796,1.4107638186486469,8.89415454864502,19.91321734717739,0.8722572922706604,1.4216457952417336,8.550154685974121,19.69028431985268,0.855508029460907,1.5297915577089367,7.474132537841797,19.91321734717739,0.8722572922706604,1.4216457952417336,8.550154685974121
n02607072_3217.jpg,18.578170230155244,0.7812731862068176,1.5909563206690795,5.103277683258057,19.740533363747822,0.7808074951171875,1.4558534458109311,5.505346298217773,20.274571573641502,0.7663769125938416,1.4470778698294031,5.3271636962890625,18.917087908633828,0.7069132924079895,1.6151119306319721,4.734810829162598,20.274571573641502,0.7663769125938416,1.4470778698294031,5.3271636962890625
n02607072_32.jpg,15.827342425711661,0.7561696171760559,1.3609175558582272,4.975979328155518,18.99884288183842,0.7967326045036316,1.1313063058693849,4.623543739318848,22.07785730755633,0.8106157779693604,1.1988000599035011,4.303101062774658,18.29294946554664,0.7564074993133545,1.9365215484672123,4.571457386016846,22.07785730755633,0.8106157779693604,1.1988000599035011,4.303101062774658
n01914609_5000.jpg,14.446176628052923,0.6961445808410645,1.855056554271215,3.648205518722534,16.213197701406912,0.7250712513923645,1.6632790071273054,3.9168949127197266,17.283829996023865,0.7339344620704651,1.7827207623732395,3.0334105491638184,15.448740205333642,0.6876056790351868,2.4059863112319544,5.158257484436035,17.283829996023865,0.7339344620704651,1.7827207623732395,3.0334105491638184
n01914609_5886.jpg,14.237372109355292,0.6996526718139648,1.8513435776805514,5.317781448364258,15.868175511471886,0.766566812992096,1.3207561865326958,5.441135883331299,16.742247349565083,0.7792264819145203,1.4276710943839208,4.739394664764404,14.910757770034822,0.6786508560180664,2.406795641604881,4.355891227722168,16.742247349565083,0.7792264819145203,1.4276710943839208,4.739394664764404
n01496331_10100.jpg,17.789120707225166,0.7152470946311951,1.7670221493928073,5.140228271484375,19.92435980045432,0.7291298508644104,1.2143150931706674,4.995148181915283,20.61087752882447,0.7286524772644043,1.3101715368740035,4.229359149932861,16.92618780533371,0.6328588128089905,2.4134838888422765,4.513566017150879,20.61087752882447,0.7286524772644043,1.3101715368740035,4.229359149932861
n01917289_5699.jpg,20.5481061559528,0.8226521611213684,1.9873198218330497,4.416632175445557,23.086242505746334,0.8405299186706543,1.7659241071030567,3.708702802658081,23.383142200304196,0.8281846642494202,1.8804701246287245,3.3075904846191406,18.57132581802912,0.7333977222442627,2.673232763027996,5.697737693786621,23.383142200304196,0.8281846642494202,1.8804701246287245,3.3075904846191406
n01917289_1581.jpg,19.728003251576805,0.7817426323890686,1.57744384211495,6.061124324798584,21.249551063089008,0.7782756686210632,1.4925051248249879,5.899342060089111,22.19471219266724,0.7583301067352295,1.4623241419675324,5.818583965301514,20.900698354479825,0.6848487854003906,1.467933472185987,5.162557601928711,20.900698354479825,0.6848487854003906,1.467933472185987,5.162557601928711
n01914609_5670.jpg,12.563987416367477,0.603128969669342,2.1937149896453882,4.579972743988037,14.636660524933767,0.6684150695800781,1.260095146997201,4.6770782470703125,16.823222818192114,0.7098770141601562,1.3226257691262968,4.641806602478027,18.011280939822726,0.7052233815193176,1.8766039807417603,5.305137634277344,16.823222818192114,0.7098770141601562,1.3226257691262968,4.641806602478027
n02606052_11656.jpg,13.901970519104914,0.7253720164299011,1.7901755684265834,6.405988693237305,16.076530134440066,0.7855236530303955,1.4176603151947498,6.76950740814209,18.105008586399652,0.8178441524505615,1.4928917604861256,6.361854076385498,17.589737919265374,0.7828202843666077,2.208773586855486,6.121657848358154,18.105008586399652,0.8178441524505615,1.4928917604861256,6.361854076385498
n02606052_19884.jpg,17.166949651493077,0.8358960151672363,1.0441911159994413,7.329868793487549,19.52599247836243,0.8864354491233826,0.9628999070241451,8.42395305633545,20.67973353001043,0.9015827178955078,1.0389503635900654,8.047508239746094,17.11749009533065,0.8208543658256531,1.6230290010989346,3.9799304008483887,20.67973353001043,0.9015827178955078,1.0389503635900654,8.047508239746094
n01914609_13677.jpg,15.702310113906222,0.5933285355567932,2.994514995847682,6.22257137298584,18.204720164443486,0.669327437877655,1.6486475838448493,6.07851505279541,20.07333272898698,0.677799642086029,2.112610583469693,5.188569068908691,17.570032303091374,0.5252380967140198,3.7637879362576587,4.482072353363037,20.07333272898698,0.677799642086029,2.112610583469693,5.188569068908691
n02607072_2353.jpg,20.561523090275564,0.7632269859313965,3.7126369528952696,8.27968692779541,22.48582357791973,0.8022640347480774,3.015058605051853,8.415451049804688,22.958469313583993,0.7944758534431458,3.3285826279114823,8.303006172180176,19.43515975339017,0.6810633540153503,4.727650903540063,8.227338790893555,22.958469313583993,0.7944758534431458,3.3285826279114823,8.303006172180176
n02606052_7862.jpg,15.811795193307173,0.8205480575561523,1.488811741598807,7.043657302856445,18.361359582154765,0.8611250519752502,1.311437423080799,7.237320899963379,20.127091900492236,0.863568127155304,1.420786101860236,7.20660924911499,17.004309879555866,0.7925260663032532,1.9727726349323444,7.194020748138428,20.127091900492236,0.863568127155304,1.420786101860236,7.20660924911499
n02607072_4241.jpg,16.819385066836173,0.8205757141113281,1.299892035952331,5.666898727416992,19.16650126676675,0.8419270515441895,1.2497724372677748,6.079179286956787,20.324728464625142,0.8406898379325867,1.2814610253225762,5.454412460327148,16.75139090821775,0.7704429030418396,1.5639242710633696,3.6984634399414062,20.324728464625142,0.8406898379325867,1.2814610253225762,5.454412460327148
n02606052_5842.jpg,13.129910711623102,0.6949587464332581,2.04816222974101,8.639985084533691,14.861583365159067,0.7813027501106262,1.185564505778256,8.647130966186523,16.290884346770856,0.7958462834358215,1.3659935988985294,7.332282066345215,16.032734674703658,0.6916658878326416,2.233543257307269,5.519402503967285,16.290884346770856,0.7958462834358215,1.3659935988985294,7.332282066345215
n01917289_1967.jpg,17.78867176548254,0.7854358553886414,2.742461165541922,5.255612373352051,19.994960191406747,0.7917037606239319,2.49020031482594,4.975140571594238,21.310899596940004,0.7910230755805969,2.614740322504418,4.669599533081055,18.51240151983639,0.7515473365783691,3.2395449859390792,4.943206787109375,21.310899596940004,0.7910230755805969,2.614740322504418,4.669599533081055
n01914609_1675.jpg,16.535828307771986,0.7375772595405579,1.3104273872857353,3.8473281860351562,19.83201214106202,0.8161309361457825,1.080258301603969,4.094715118408203,23.103032135240102,0.835362434387207,1.195182816991655,4.187570571899414,19.003569981490067,0.731611430644989,2.0317134478486047,3.9985616207122803,23.103032135240102,0.835362434387207,1.195182816991655,4.187570571899414
n01664065_8997.jpg,19.98235632909236,0.8249585032463074,1.838352157703649,4.287716388702393,23.098634737939804,0.866844892501831,1.6008822366414268,4.416531562805176,24.21022487445638,0.8450367450714111,1.9309052936411235,4.909165382385254,18.75296985850197,0.6944707036018372,3.2307853503958652,6.004421710968018,24.21022487445638,0.8450367450714111,1.9309052936411235,4.909165382385254
n01917289_666.jpg,17.399368949556674,0.7994913458824158,1.499274397075177,4.500067234039307,19.98853563077869,0.8178769946098328,1.4527297732671913,4.141238212585449,21.428526510271233,0.820748507976532,1.512463772648098,2.971588134765625,17.559273754976147,0.7802326679229736,2.0129194298501862,3.567729949951172,21.428526510271233,0.820748507976532,1.512463772648098,2.971588134765625
n01914609_5428.jpg,22.32462804706625,0.8350774645805359,0.9174471376772295,7.706027984619141,25.304162515202986,0.838519811630249,0.8761732780720174,7.218672275543213,24.997876236556454,0.8324732184410095,0.874608966956361,6.515629291534424,18.87420829855185,0.7978765368461609,0.9038079369624139,5.253785610198975,24.997876236556454,0.8324732184410095,0.874608966956361,6.515629291534424
n02607072_1113.jpg,14.056964468887838,0.6512097716331482,3.1283634106332947,7.002972602844238,15.977615233924787,0.7123234868049622,1.9487060050190814,7.551138401031494,17.479693678400558,0.7259133458137512,2.2701480614468763,6.543632507324219,16.459736442119652,0.6393578052520752,3.5532173823837114,5.333462238311768,17.479693678400558,0.7259133458137512,2.2701480614468763,6.543632507324219
n01917289_1411.jpg,16.18029351428661,0.7799780964851379,1.5687411692399533,4.731853485107422,19.31053511191668,0.8206303119659424,1.438016716113984,4.938079833984375,22.5985442735819,0.8352985382080078,1.4963828258847969,4.142496585845947,19.39766016656406,0.7815313935279846,2.125267450166259,3.6104471683502197,22.5985442735819,0.8352985382080078,1.4963828258847969,4.142496585845947
n01914609_6804.jpg,16.566566931562186,0.6769294738769531,3.0158476945190307,6.204279899597168,17.398283582831027,0.6969518661499023,2.519598284537819,6.848918437957764,17.888943623062588,0.698635995388031,2.634194914988135,7.042632102966309,17.438911997991525,0.6895702481269836,3.1683897614040837,6.11069393157959,17.888943623062588,0.698635995388031,2.634194914988135,7.042632102966309
n01917289_1636.jpg,14.637314124994935,0.771112859249115,1.2023875069061587,4.250116348266602,16.781842445505497,0.820887565612793,1.082921400618841,4.970268249511719,18.322373139068077,0.840047299861908,1.185854857884278,5.157736778259277,16.303149249837432,0.7890761494636536,1.8842478816862667,5.297369480133057,18.322373139068077,0.840047299861908,1.185854857884278,5.157736778259277
n02607072_319.jpg,16.156186953061013,0.6169993877410889,0.8940751533489792,3.001082420349121,18.308278618419095,0.64994215965271,0.6894174534714317,3.5238966941833496,19.0103396627361,0.6542388796806335,0.7238568717376803,3.755988836288452,15.242664108244487,0.5895590782165527,1.0424410879892303,4.9489874839782715,19.0103396627361,0.6542388796806335,0.7238568717376803,3.755988836288452
n01914609_6052.jpg,19.420638723454967,0.7388584613800049,2.0869419392700057,5.140547752380371,20.284672126111012,0.7791754603385925,1.8400338306749484,4.965566158294678,20.998710175402028,0.7889370322227478,1.9139699150486014,4.831028461456299,21.557018330267358,0.7653160691261292,2.359371370257671,4.66789436340332,21.557018330267358,0.7653160691261292,2.359371370257671,4.66789436340332
n01917289_4471.jpg,18.04580985140843,0.7617393136024475,3.6366697605229494,5.721540927886963,18.791736451519576,0.7698297500610352,3.2314613249099136,6.005329132080078,19.00968824075745,0.764398992061615,3.2988232717332915,6.0064520835876465,17.785891257068585,0.7328300476074219,3.7640469359635844,5.284347057342529,19.00968824075745,0.764398992061615,3.2988232717332915,6.0064520835876465
n01914609_5641.jpg,17.07493558178705,0.7545053362846375,1.986791306487012,4.196773052215576,19.000387528352306,0.7709383964538574,1.87961312107879,3.9344780445098877,19.78692899332675,0.7677645087242126,1.921710856104654,2.3768906593322754,16.748938018045635,0.7074214816093445,2.4103940878644803,3.3374509811401367,19.78692899332675,0.7677645087242126,1.921710856104654,2.3768906593322754
n02607072_1529.jpg,16.13120710986357,0.7702767848968506,1.221990693310595,6.377242088317871,18.62139795285175,0.7998144626617432,1.1130227636943464,5.596663475036621,20.523696868642478,0.807628333568573,1.1617995833284285,4.7005085945129395,17.852609683228206,0.7553739547729492,1.611291085968205,5.061083793640137,20.523696868642478,0.807628333568573,1.1617995833284285,4.7005085945129395
n01664065_6721.jpg,17.265594794526567,0.6164931058883667,2.2725574871702143,4.31482458114624,20.43715929213361,0.7151167988777161,1.64171789606701,5.012546062469482,22.696838903424297,0.7666158080101013,2.5269266577113783,4.81440544128418,18.383988997812367,0.6589673161506653,3.6051872815247545,3.528615951538086,22.696838903424297,0.7666158080101013,2.5269266577113783,4.81440544128418
n02607072_3452.jpg,18.06672263329608,0.7041490077972412,1.6969261762627206,5.920697212219238,18.650599108324627,0.7035422325134277,1.6290929688544773,6.081918716430664,18.78034592609389,0.6944212317466736,1.6206762194993538,5.677088260650635,17.673855809231377,0.6564432978630066,1.704827926977098,4.86275053024292,17.673855809231377,0.6564432978630066,1.704827926977098,4.86275053024292
n01914609_6248.jpg,12.820923453185738,0.6332159638404846,1.7911100653431014,3.635740041732788,13.157188822092989,0.6407285332679749,1.5247693430150457,3.8070225715637207,13.44322180467804,0.6422827243804932,1.507657996560173,4.269993305206299,13.818477019036857,0.6340824961662292,1.5523715016088515,3.6833527088165283,13.44322180467804,0.6422827243804932,1.507657996560173,4.269993305206299
n02606052_21278.jpg,16.91700319122147,0.8091726303100586,1.9009105843570695,6.915766716003418,19.09069771659083,0.8443019986152649,1.7916592000970422,7.010580062866211,19.889824983568904,0.8403775095939636,1.8966510390351985,7.037352561950684,16.240266744758095,0.7445386052131653,3.1581662194983213,6.273339748382568,19.889824983568904,0.8403775095939636,1.8966510390351985,7.037352561950684
n01914609_6941.jpg,19.643126346831917,0.7358765006065369,2.7025685942423125,3.8290138244628906,23.118837407476164,0.8225299715995789,2.085428876098796,4.219413757324219,24.086853390544928,0.7981088757514954,2.6744452617995904,4.338669300079346,18.115269325949768,0.5783056020736694,4.7919050149972096,3.4533579349517822,24.086853390544928,0.7981088757514954,2.6744452617995904,4.338669300079346
n02606052_5748.jpg,19.767406142006088,0.6658006310462952,2.5042164762378114,8.009995460510254,22.55908521254009,0.6742415428161621,1.6197473111432994,7.809219837188721,21.87256174462396,0.6558659672737122,1.7431765226566052,6.684185028076172,15.83266894200836,0.5291907787322998,3.497748391097545,6.314704895019531,21.87256174462396,0.6558659672737122,1.7431765226566052,6.684185028076172
n01496331_4269.jpg,14.892165909741095,0.7492939829826355,0.7291219650236589,6.303994655609131,16.944397309333034,0.780987024307251,0.6754264571621302,7.186153888702393,18.35379225600832,0.7908086180686951,0.6932805010422725,6.977110385894775,16.342687517610017,0.7469615936279297,0.8510112100835654,2.622603416442871,18.35379225600832,0.7908086180686951,0.6932805010422725,6.977110385894775
n01917289_2226.jpg,18.839179994982015,0.7563706040382385,1.8843722638795848,8.057159423828125,20.428876200425663,0.7251220345497131,1.1654518689937199,9.451910972595215,19.42170826510582,0.7039906978607178,1.3196180422315034,10.215120315551758,14.587500616154411,0.5596538186073303,2.38944167125504,7.6538405418396,19.42170826510582,0.7039906978607178,1.3196180422315034,10.215120315551758
n01914609_8672.jpg,18.48786689731391,0.822415828704834,2.268240206294071,5.390324115753174,21.1383267215026,0.8336300253868103,2.063093137570527,6.259476661682129,21.49431831334542,0.828160285949707,2.6213310203916156,6.440013885498047,16.423417468166022,0.7404633164405823,3.4610927626954773,4.411932945251465,21.49431831334542,0.828160285949707,2.6213310203916156,6.440013885498047
n01914609_17257.jpg,14.050127218444965,0.6877620816230774,1.0216808054507118,3.0310184955596924,16.67634806743478,0.7416046261787415,0.9468033136648908,2.988358736038208,19.72981403739125,0.7724478244781494,0.9998964044329637,2.528818130493164,20.03475326055256,0.7795464992523193,1.3267958099007937,4.495260238647461,19.72981403739125,0.7724478244781494,0.9998964044329637,2.528818130493164
n02606052_6672.jpg,20.01303318166839,0.7460978627204895,3.7743805614941093,8.163080215454102,21.99632110106904,0.8058881759643555,3.205243296910969,7.26644229888916,23.519974566363274,0.8179789185523987,3.5372043028321922,6.4211530685424805,22.238338966149552,0.7135451436042786,4.783643795395724,7.06563663482666,23.519974566363274,0.8179789185523987,3.5372043028321922,6.4211530685424805
n02607072_208.jpg,13.718015564343899,0.6924052834510803,1.7749557490266372,5.511598587036133,15.728115091141188,0.740816593170166,1.2055765135043084,5.702114105224609,17.4234092459422,0.7665912508964539,1.2907759893411366,5.817079544067383,16.602416695691794,0.7389870285987854,1.8384528929966946,7.183205604553223,17.4234092459422,0.7665912508964539,1.2907759893411366,5.817079544067383
n02607072_2203.jpg,21.104085503937636,0.7719471454620361,1.0011560397917258,5.761504650115967,21.849848238873243,0.7779151797294617,0.9647962874718983,5.672534942626953,22.319807357467315,0.7767718434333801,0.9460700719117341,5.429272174835205,22.14581124176464,0.7568542957305908,0.9215375505203987,4.922091484069824,22.14581124176464,0.7568542957305908,0.9215375505203987,4.922091484069824
n02607072_1526.jpg,18.981872086289904,0.7441549897193909,1.760345934829516,2.8488781452178955,22.58455370748728,0.7797407507896423,1.5686291182215875,2.9181721210479736,24.001342551363027,0.7759995460510254,1.6757191001479592,2.224928617477417,17.551374638085534,0.6746618151664734,2.6967429977011546,2.92531156539917,24.001342551363027,0.7759995460510254,1.6757191001479592,2.224928617477417
n02606052_9051.jpg,18.397049030914438,0.6806948781013489,3.3250018841897226,12.419623374938965,20.161347666012027,0.7494627833366394,2.3558751090162455,12.484830856323242,20.99465228600833,0.742344856262207,2.534736689289216,12.373332977294922,18.601019871661755,0.5847530961036682,4.12079308363776,10.362053871154785,20.99465228600833,0.742344856262207,2.534736689289216,12.373332977294922
n01917289_5147.jpg,14.253417547511471,0.7419238090515137,2.386437224994188,4.856327056884766,16.684731825431328,0.7828137278556824,2.0122542315969767,4.943603992462158,19.475751842242065,0.8012868762016296,2.126484658508862,3.7395389080047607,20.63651848511511,0.7662034034729004,2.9847910491028924,4.928549289703369,19.475751842242065,0.8012868762016296,2.126484658508862,3.7395389080047607
n01917289_4846.jpg,17.13849240024252,0.8311662077903748,3.27734070998766,7.138145923614502,19.1903807854048,0.8511826395988464,3.02646089140843,6.975922584533691,20.72820213698096,0.8493747115135193,3.038082685200588,6.749489784240723,19.120664326058552,0.7816786766052246,3.44317183718314,5.234498023986816,20.72820213698096,0.8493747115135193,3.038082685200588,6.749489784240723
n01496331_10374.jpg,15.743969983067457,0.6919403076171875,1.77182890492913,3.82375431060791,18.414614895633225,0.7627905011177063,1.381165343379994,4.056922435760498,20.51914079568782,0.7857263088226318,1.4971927001983256,3.0340614318847656,17.517835649161345,0.6770186424255371,2.957361548717467,5.908761024475098,20.51914079568782,0.7857263088226318,1.4971927001983256,3.0340614318847656
n01917289_2375.jpg,14.53209804399528,0.7260757088661194,1.3110116883511367,4.136765956878662,16.56466961990441,0.7555873990058899,1.2109218734355782,4.273589134216309,17.912306147798684,0.7696690559387207,1.2756568209553278,4.30816650390625,15.815333287048375,0.7495115399360657,1.5970833373330837,6.169800281524658,17.912306147798684,0.7696690559387207,1.2756568209553278,4.30816650390625
n02607072_13188.jpg,17.23191395131634,0.7391229271888733,0.866485882503635,6.589699745178223,20.31626228015621,0.825291097164154,0.8389236831765418,7.206294059753418,22.753541085394687,0.8515685200691223,0.9296191698391839,7.897067546844482,18.54739406753341,0.693841278553009,1.968830296394819,5.202284812927246,22.753541085394687,0.8515685200691223,0.9296191698391839,7.897067546844482
n01496331_27326.jpg,15.681737528177141,0.796696126461029,1.025358178148255,4.284665584564209,18.11237605371992,0.8254758715629578,1.0075626303522582,4.347663402557373,20.483451712333306,0.8291118144989014,1.0476577682566073,3.534766674041748,19.544116803639614,0.7699946761131287,1.3050664878847404,3.1846137046813965,20.483451712333306,0.8291118144989014,1.0476577682566073,3.534766674041748
n01914609_3536.jpg,15.965162276595786,0.7261560559272766,1.4836686059020874,7.755923748016357,18.656266549689104,0.7492850422859192,1.0943445697415892,7.5322980880737305,20.946668263243385,0.7542691230773926,1.1405348259754793,6.520690441131592,18.205981589532264,0.6749362349510193,1.8275025531332456,3.637302875518799,20.946668263243385,0.7542691230773926,1.1405348259754793,6.520690441131592
n01914609_165.jpg,13.718016467954246,0.6924085021018982,1.7749098163101378,5.5115966796875,15.728113612762968,0.7408187389373779,1.2055363343053356,5.702126502990723,17.423403223161024,0.7665925621986389,1.2907218598552708,5.817084789276123,16.602402488735407,0.7389858365058899,1.8383800050168353,7.1831955909729,17.423403223161024,0.7665925621986389,1.2907218598552708,5.817084789276123
n02606052_12936.jpg,18.898534917471334,0.836052417755127,1.0403440546208773,4.080531597137451,21.717734336167062,0.8648595213890076,1.0216837592423493,3.7020905017852783,23.70868174290614,0.8712884783744812,1.0217548111513244,3.427257537841797,19.88437334500778,0.8220858573913574,1.125073311955034,4.454771995544434,23.70868174290614,0.8712884783744812,1.0217548111513244,3.427257537841797
n01917289_1008.jpg,18.497072057820983,0.7832589745521545,1.2318032350826666,4.089566230773926,21.17463484563569,0.802041232585907,1.1913783068776622,3.9342973232269287,22.800777730426425,0.801771342754364,1.228445046217168,3.432173490524292,18.93309704257106,0.750114381313324,1.4783322324708874,3.8417389392852783,22.800777730426425,0.801771342754364,1.228445046217168,3.432173490524292
n01664065_31178.jpg,14.009030989249478,0.5798608064651489,1.7515764043203812,3.274885416030884,16.73643347639341,0.6999871134757996,0.6963117153675724,3.9793965816497803,19.895678283918418,0.7277980446815491,0.7215306845004221,4.249288558959961,19.580749681653828,0.6901836395263672,0.9184735336198471,3.395303726196289,19.895678283918418,0.7277980446815491,0.7215306845004221,4.249288558959961
n01917289_4689.jpg,18.343136572689605,0.8554582595825195,1.3185260590094947,5.061395645141602,20.705703425362557,0.8360005021095276,0.912694093889104,5.250547885894775,20.865383975467683,0.8181145787239075,0.9239080387123217,4.5540289878845215,16.023315237667536,0.7349348068237305,1.1956958429449407,4.950384616851807,20.865383975467683,0.8181145787239075,0.9239080387123217,4.5540289878845215
n02606052_18039.jpg,15.837546280860247,0.8380497097969055,0.47950863561283064,6.81857442855835,17.94546846632046,0.855461597442627,0.47455877636347277,7.666513919830322,19.244952864889196,0.8513271808624268,0.4946135280170761,8.094217300415039,16.732399485691644,0.7991732954978943,0.5877755358355508,6.458383083343506,19.244952864889196,0.8513271808624268,0.4946135280170761,8.094217300415039
n01917289_2379.jpg,17.349826322624704,0.7287381291389465,2.9440189038925055,10.783597946166992,18.168805098658144,0.7329705357551575,2.747406136114665,10.453529357910156,18.837481475159187,0.7331879734992981,2.7075102128346313,10.153038024902344,19.339448356834673,0.7245481014251709,2.6724808813265786,9.541250228881836,19.339448356834673,0.7245481014251709,2.6724808813265786,9.541250228881836
n02607072_872.jpg,16.797160074259477,0.6679689288139343,1.7298188175509561,4.179316997528076,18.927450055052837,0.7532122135162354,1.30538709023183,3.9086363315582275,19.690001358077513,0.7395538687705994,1.4215494499546948,3.0925915241241455,16.286883112529164,0.5550426840782166,2.8887678692764993,4.178033828735352,19.690001358077513,0.7395538687705994,1.4215494499546948,3.0925915241241455
n02607072_1743.jpg,17.108867898568377,0.7096152305603027,1.484540076187606,3.0567493438720703,20.249697912958943,0.7461722493171692,1.436312893137404,2.960376262664795,22.213418759182602,0.7546336054801941,1.554495522678965,2.703801155090332,17.247297795362726,0.6605612635612488,2.880323281128786,4.078644275665283,22.213418759182602,0.7546336054801941,1.554495522678965,2.703801155090332
n01914609_7632.jpg,11.470738808321634,0.5489458441734314,2.2019699364760155,4.854874134063721,13.097962400026997,0.6295232772827148,0.7018244786052739,4.643389701843262,14.656228797064566,0.6664349436759949,0.9156219682318694,4.530585765838623,15.789697214822079,0.6697391867637634,0.9618737377076486,4.905946254730225,13.097962400026997,0.6295232772827148,0.7018244786052739,4.643389701843262
n01917289_2337.jpg,16.398041687518827,0.7728490829467773,1.6435001188632548,3.6883456707000732,18.403396035231317,0.7994389533996582,1.3868373617322536,4.288794994354248,19.106968166038996,0.8047154545783997,1.4741673348690385,4.603064060211182,15.738150148881784,0.7607901692390442,1.9334847470773928,4.825160503387451,19.106968166038996,0.8047154545783997,1.4741673348690385,4.603064060211182
n02606052_1620.jpg,17.774121546138844,0.8266648650169373,0.8698938432677212,8.487817764282227,19.90913618487433,0.8350540995597839,0.7454322321785277,8.903084754943848,20.683048429958262,0.8338330388069153,0.7746067958806606,8.804588317871094,17.11960546012558,0.7364441752433777,1.1890888961835349,5.981398105621338,20.683048429958262,0.8338330388069153,0.7746067958806606,8.804588317871094
n01664065_24588.jpg,23.48355407495339,0.7945529818534851,1.2908398613986263,8.201449394226074,20.738345883077542,0.7110610008239746,0.8312947163966367,7.854340553283691,17.163854347719976,0.6702499389648438,0.9898913525783192,6.393211841583252,12.173359161440697,0.5643537044525146,1.6492481812294728,5.497218608856201,20.738345883077542,0.7110610008239746,0.8312947163966367,7.854340553283691
n01496331_25784.jpg,22.560282459433978,0.8263704180717468,1.8955148233218577,4.150306224822998,24.727551583297803,0.8375718593597412,1.6626644292637942,4.656642436981201,23.288790354908233,0.6900412440299988,2.6635030652639715,4.797088146209717,18.049848306730954,0.48120880126953125,2.9621611341849503,4.775622367858887,24.727551583297803,0.8375718593597412,1.6626644292637942,4.656642436981201
n02607072_360.jpg,18.64393046333165,0.8104977607727051,1.8743767917788858,5.194471836090088,22.168594712418944,0.8404776453971863,1.6435477418260342,5.492772579193115,23.87917990559089,0.8320004940032959,1.8695754838742933,5.571513652801514,17.736528272837816,0.7251615524291992,2.4829865950513588,5.423703670501709,23.87917990559089,0.8320004940032959,1.8695754838742933,5.571513652801514
n02606052_13477.jpg,18.740903757745798,0.7380049824714661,3.555858581387385,11.530043601989746,21.053251169870215,0.7633063197135925,2.504336432054288,11.606175422668457,21.417578588681945,0.7373471856117249,3.35792536713089,10.748102188110352,17.022874893701506,0.5891335010528564,4.3726130204198945,8.522882461547852,21.417578588681945,0.7373471856117249,3.35792536713089,10.748102188110352
n02607072_5609.jpg,14.041181094995387,0.633029580116272,1.2771719125154695,3.7440574169158936,16.318171836054365,0.6892163753509521,0.9918828398214999,4.158596992492676,18.33868727795036,0.718766450881958,1.0428214242032654,4.338989734649658,17.099167279779508,0.6748940348625183,1.4356805790193454,5.487339973449707,18.33868727795036,0.718766450881958,1.0428214242032654,4.338989734649658
n01914609_3806.jpg,17.493973151074705,0.5988834500312805,1.9591863666782787,8.933659553527832,19.028863242913662,0.5979898571968079,1.3839376741298808,8.450126647949219,19.434642340470692,0.6121490001678467,1.535382565947719,7.14158296585083,16.688770890252624,0.5955060720443726,2.80929793932936,4.6122283935546875,19.434642340470692,0.6121490001678467,1.535382565947719,7.14158296585083
n02607072_3440.jpg,18.85811691447669,0.7790412902832031,1.8322169643640533,4.039359092712402,22.11492135528095,0.8047429919242859,1.7831723612148247,3.875605344772339,24.60357041381855,0.803313672542572,1.81728389174233,3.530879497528076,19.73188751563991,0.7223175168037415,2.2691188636622632,4.27239465713501,24.60357041381855,0.803313672542572,1.81728389174233,3.530879497528076
n01496331_20252.jpg,14.827779773234091,0.5399623513221741,1.7309652635273083,7.494771480560303,17.547003088477283,0.6087562441825867,0.8222419274826644,7.8451313972473145,20.248845096516803,0.6315541863441467,0.8490265544379136,7.132357597351074,18.398621830016502,0.5582975745201111,1.427213923596637,5.165656566619873,20.248845096516803,0.6315541863441467,0.8490265544379136,7.132357597351074
n01914609_6971.jpg,12.387225358612795,0.686739444732666,1.5501005963060501,7.4625725746154785,14.027579383521129,0.7254123687744141,1.2276216722261812,7.681481838226318,15.405817376748512,0.7455794215202332,1.279152025216265,7.252132415771484,15.315795889150078,0.7211542725563049,1.7271454138241884,6.5586981773376465,15.405817376748512,0.7455794215202332,1.279152025216265,7.252132415771484
n02607072_4567.jpg,17.254693998932108,0.7506058812141418,1.985418314363299,6.636631011962891,20.02992872751125,0.7963545322418213,1.5683956499604594,6.609615802764893,22.0945889189952,0.8038856387138367,1.6453153544072294,6.048348426818848,18.5501626699487,0.7142886519432068,2.3548454325779495,5.297418117523193,22.0945889189952,0.8038856387138367,1.6453153544072294,6.048348426818848
n02606052_8243.jpg,17.97585160835237,0.7358266711235046,2.7903598345655833,7.510832786560059,19.744503455421793,0.7850549817085266,2.1265952026577555,7.8867998123168945,20.646829523881838,0.7913656830787659,2.1995656790445843,8.039146423339844,18.358982109247616,0.6782839894294739,3.5155501967642815,7.210856914520264,20.646829523881838,0.7913656830787659,2.1995656790445843,8.039146423339844
n01917289_1326.jpg,17.57416781717192,0.6656041741371155,1.1075960830862637,3.8166232109069824,21.236794465107067,0.7098142504692078,0.9753256177914373,4.106537818908691,23.7813152766895,0.7157880663871765,1.0528815653592019,2.9708034992218018,17.60216432856319,0.5917727947235107,2.150156765361955,2.7539141178131104,23.7813152766895,0.7157880663871765,1.0528815653592019,2.9708034992218018
n01917289_4592.jpg,15.410477788847022,0.709891140460968,1.373645782398229,3.705167293548584,17.21835509016285,0.7419115900993347,1.2994271403792763,3.8804919719696045,18.25715823696203,0.7445942759513855,1.3660037597880446,3.7844884395599365,16.17454210598587,0.6562317609786987,1.9842899517046588,2.3393282890319824,18.25715823696203,0.7445942759513855,1.3660037597880446,3.7844884395599365
n02606052_3127.jpg,18.447590541985438,0.7668954730033875,2.395469120757447,8.711722373962402,20.648470039513427,0.7843351364135742,2.021848639140038,9.081155776977539,21.109313473380077,0.7686953544616699,2.1436478957646803,8.551100730895996,16.931790479408654,0.6513606905937195,3.4270692513301455,6.7155585289001465,21.109313473380077,0.7686953544616699,2.1436478957646803,8.551100730895996
n01914609_799.jpg,16.957449400820266,0.7311293482780457,1.9793538512834743,7.104560852050781,19.9577335858896,0.802941620349884,1.5023094552724006,7.245934963226318,21.945337641801327,0.8149650692939758,1.687724931788966,6.176942825317383,17.537871865023483,0.6654478907585144,3.2159774340527956,6.8664774894714355,21.945337641801327,0.8149650692939758,1.687724931788966,6.176942825317383
n01914609_4669.jpg,18.136767422691193,0.7504108548164368,2.9904401617683396,5.395859241485596,20.699927708010676,0.7667869925498962,2.6595906517329273,4.061130523681641,21.64971860359732,0.7881597876548767,3.2441368539979347,3.3115062713623047,17.26190688239725,0.7469298839569092,4.269567641932153,4.420184135437012,21.64971860359732,0.7881597876548767,3.2441368539979347,3.3115062713623047
n02607072_756.jpg,15.531202009017743,0.644980251789093,2.471655378135356,5.880029678344727,17.89456983057741,0.7248247265815735,1.6470331077900457,6.579260349273682,19.50822727276234,0.7077312469482422,2.28091610238587,6.211221694946289,17.083358988071403,0.5632947087287903,3.298139938845941,6.305783748626709,19.50822727276234,0.7077312469482422,2.28091610238587,6.211221694946289
n01914609_4635.jpg,11.483594253966203,0.5220961570739746,2.5312066885728726,4.021683216094971,13.125434773985724,0.5767440795898438,1.0158623662396713,3.9700944423675537,14.68437607130632,0.6125455498695374,1.0236524426834703,3.818206787109375,15.577972492855709,0.6334764361381531,1.27461697881319,2.850947380065918,14.68437607130632,0.6125455498695374,1.0236524426834703,3.818206787109375
n01914609_6847.jpg,18.13793433313212,0.7176353931427002,2.6305880541672066,4.371585369110107,21.94532084401005,0.8109048008918762,1.6761023732172644,4.4828081130981445,24.207678933204768,0.8152756094932556,1.8579728654102787,3.3218562602996826,17.741684243645416,0.6175317764282227,3.8735316152286563,4.259764194488525,24.207678933204768,0.8152756094932556,1.8579728654102787,3.3218562602996826
n01917289_1291.jpg,18.080427451696163,0.8181301951408386,1.4854575922942739,4.87993049621582,17.306969139018978,0.8521933555603027,1.1064695622637741,5.373873233795166,15.793379113001457,0.8210756182670593,1.1208973144062147,4.44818639755249,12.52999830643855,0.7450239062309265,1.2342292590519492,5.851171016693115,15.793379113001457,0.8210756182670593,1.1208973144062147,4.44818639755249
n01914609_16805.jpg,17.494357575014405,0.7823707461357117,2.042860476574001,4.0580010414123535,20.576403993915978,0.8193679451942444,1.7669024175814236,3.821719169616699,22.48568469123487,0.827532947063446,1.9354137670959406,2.426769256591797,17.658044571006354,0.7580898404121399,3.1213125722286237,4.526044845581055,22.48568469123487,0.827532947063446,1.9354137670959406,2.426769256591797
n02606052_5213.jpg,17.59561998456063,0.7843022346496582,0.9720383919121067,10.500823020935059,20.65168864691803,0.8270789980888367,0.9568989339426743,11.084319114685059,22.862113167119386,0.8315662741661072,1.1596878757442726,11.579524040222168,18.724300042031853,0.7517989277839661,1.6024438561507115,10.747660636901855,20.65168864691803,0.8270789980888367,0.9568989339426743,11.084319114685059
n01496331_17471.jpg,17.97160062857105,0.7692562937736511,1.3864739026254433,7.4880828857421875,20.905748120568823,0.7966201901435852,1.282933903249701,7.258086204528809,22.783777287043417,0.7966230511665344,1.3108997364498822,6.53776741027832,18.41312206846579,0.7147054672241211,1.6627471467180959,4.8797287940979,22.783777287043417,0.7966230511665344,1.3108997364498822,6.53776741027832
n01914609_20791.jpg,21.370847207206673,0.8047401309013367,2.5398925970109882,6.790441989898682,25.177223876181422,0.8702910542488098,2.044427249443294,6.15368127822876,27.374166224542726,0.8714616894721985,2.1310088963392086,5.1873908042907715,20.722554150912234,0.747985303401947,3.2123515832705896,5.095097064971924,27.374166224542726,0.8714616894721985,2.1310088963392086,5.1873908042907715
n01914609_2293.jpg,17.011422245004773,0.7419864535331726,1.4291361861393028,3.9346909523010254,20.638260315760768,0.8223292231559753,1.1883167777635728,4.200379848480225,24.396148037995,0.8493900895118713,1.2830644238622562,3.66133189201355,19.09257753627643,0.7039733529090881,2.397121811578983,2.783689498901367,24.396148037995,0.8493900895118713,1.2830644238622562,3.66133189201355
n01914609_5950.jpg,19.193871746078056,0.7798951268196106,1.5437812605523331,3.2277672290802,22.417124759939007,0.8320507407188416,1.4289367822832413,3.027062177658081,22.584648870366006,0.8201956748962402,1.5395778098500612,2.9219632148742676,16.377849911636222,0.6594367623329163,2.9762193412526905,3.565361976623535,22.584648870366006,0.8201956748962402,1.5395778098500612,2.9219632148742676
n01914609_7933.jpg,18.067471561087377,0.7477554678916931,4.143736924822948,7.942109107971191,19.24040893241555,0.7612628936767578,3.77629981944712,6.973605155944824,19.870077846789588,0.7682958245277405,3.8520729878437066,6.045531272888184,18.753398137860767,0.7534019947052002,4.344243078183848,5.884181976318359,19.870077846789588,0.7682958245277405,3.8520729878437066,6.045531272888184
n01917289_3085.jpg,18.105288347028623,0.6805103421211243,1.9693869296025324,6.609490871429443,20.788999755166277,0.7279794216156006,1.7545468874651156,5.983805179595947,22.94639767642646,0.740420401096344,1.8093233431595301,5.302858352661133,19.957347538713975,0.6738262176513672,2.305149626868829,5.493922710418701,22.94639767642646,0.740420401096344,1.8093233431595301,5.302858352661133
n01914609_17655.jpg,15.717010575292086,0.7303174138069153,1.5427314570843071,6.067331790924072,18.7029032531533,0.8178018927574158,0.9594809502448269,7.577454090118408,21.449807828727568,0.8183565735816956,1.015418055255083,8.48938274383545,18.113605723238955,0.7372925877571106,1.5818022258022533,7.4800801277160645,21.449807828727568,0.8183565735816956,1.015418055255083,8.48938274383545
n01914609_2074.jpg,17.22311504070143,0.6953907012939453,0.9201117993673131,3.5616297721862793,20.90933439594629,0.8201506733894348,0.8197239198411383,3.382948637008667,24.328381796284862,0.850231945514679,0.9216464789282994,3.326341152191162,18.858514938291925,0.6834426522254944,2.260798562215917,2.5247559547424316,24.328381796284862,0.850231945514679,0.9216464789282994,3.326341152191162
n01917289_3432.jpg,15.931804792308926,0.770667552947998,3.7105869344250633,3.8575809001922607,18.498118138817052,0.8104674220085144,2.9514480807938175,4.062824249267578,20.18987682832335,0.8189767003059387,3.471110030905317,3.1045470237731934,16.866766793728168,0.7437576651573181,5.174890844527103,4.568213939666748,20.18987682832335,0.8189767003059387,3.471110030905317,3.1045470237731934
n01496331_2583.jpg,14.382795452815493,0.8039261698722839,0.5780873492615516,4.327114105224609,16.467950524387327,0.846154510974884,0.5315206666003083,4.630100727081299,18.051461904110383,0.8668252825737,0.5510733872795166,3.014207124710083,16.402069612059485,0.8414114117622375,0.7205145756030211,6.26934289932251,18.051461904110383,0.8668252825737,0.5510733872795166,3.014207124710083
n01914609_9828.jpg,18.577313915991198,0.8061599135398865,2.3440889181414755,8.928336143493652,20.134025267891218,0.8121239542961121,2.1843326450066454,8.69023609161377,20.56101118099791,0.8042997717857361,2.214239692700818,8.301454544067383,17.763145912312204,0.763252317905426,2.456042761213398,6.276132583618164,20.56101118099791,0.8042997717857361,2.214239692700818,8.301454544067383
n01664065_23865.jpg,17.661885246029726,0.6500660181045532,2.1738528465123217,2.9854719638824463,20.970210759927696,0.8033632636070251,1.335563664636319,3.198060989379883,22.76897629638198,0.7895674705505371,1.7394770926447314,4.06602144241333,17.76118421389622,0.5745702385902405,3.3803700112987065,3.2972216606140137,22.76897629638198,0.7895674705505371,1.7394770926447314,4.06602144241333
n02607072_907.jpg,16.38730417386855,0.698122501373291,1.8998665446238079,4.2675347328186035,18.978361307068695,0.7562706470489502,1.4402175231848,4.656257629394531,20.800393430647787,0.7751834392547607,1.5431043071092316,4.994433879852295,17.5600742318612,0.6812744736671448,2.7707834733279872,5.373400688171387,20.800393430647787,0.7751834392547607,1.5431043071092316,4.994433879852295
n01914609_11631.jpg,19.282872959633874,0.7806956768035889,1.9336728942447046,5.920652866363525,21.431987132210395,0.8060035109519958,1.6496010199921782,4.531118392944336,21.994144215697666,0.7853071093559265,2.0767643877327346,3.1248366832733154,18.08578959563222,0.6729426383972168,3.0391788169325347,4.147386074066162,21.994144215697666,0.7853071093559265,2.0767643877327346,3.1248366832733154
n02607072_5769.jpg,17.095392091577896,0.7328972220420837,3.080954295490403,8.474017143249512,19.52029496334611,0.7941903471946716,2.195415624901401,8.51362419128418,21.101927237215705,0.7996513843536377,2.4148624762092936,7.644096851348877,18.12553094070854,0.6704891324043274,3.985978734664365,4.846285820007324,21.101927237215705,0.7996513843536377,2.4148624762092936,7.644096851348877
n01914609_3266.jpg,16.640316720830903,0.7956405282020569,1.4618066004830883,5.772565841674805,20.155890444910174,0.8327245712280273,1.3717009623475573,6.262662410736084,23.452492131694918,0.8407695293426514,1.4384523913283884,6.471190452575684,18.259331456193173,0.7714753150939941,1.8928656341008752,2.934732675552368,23.452492131694918,0.8407695293426514,1.4384523913283884,6.471190452575684
n02607072_2033.jpg,16.438361366921768,0.6861331462860107,3.1276228922458866,5.554776668548584,18.703854730043762,0.7066338062286377,2.1833013269422814,5.417821884155273,19.77752393598424,0.7262611985206604,2.612925172247809,4.994611740112305,16.505448534047922,0.5786962509155273,4.612101707183957,4.3263773918151855,19.77752393598424,0.7262611985206604,2.612925172247809,4.994611740112305
n02607072_3613.jpg,18.948235821525426,0.705313503742218,1.7787315973127678,4.553199291229248,22.715117775582428,0.7862693667411804,1.4525746025966084,5.177735328674316,24.329410923863065,0.7836750149726868,1.86368552636551,5.034412384033203,17.78677417067299,0.556460440158844,3.7386365685788987,2.9091687202453613,24.329410923863065,0.7836750149726868,1.86368552636551,5.034412384033203
n01917289_176.jpg,22.251771179490305,0.8405871987342834,1.4780038975169163,6.791057109832764,21.447963568924134,0.7605500221252441,1.0734175253871328,8.377086639404297,18.384966295780448,0.7375560402870178,1.1954386826866406,8.984994888305664,13.284057098501506,0.6411657333374023,1.6135947932020085,6.377518177032471,21.447963568924134,0.7605500221252441,1.0734175253871328,8.377086639404297
n01914609_7038.jpg,13.085933606139237,0.576609194278717,3.043175982580894,5.012172698974609,14.89398017758793,0.6563267707824707,1.5935363733070709,5.149760723114014,16.410447321739753,0.6819319725036621,1.9618313766912978,5.068331241607666,16.132517207971627,0.6148185133934021,3.089018161613255,5.085394859313965,16.410447321739753,0.6819319725036621,1.9618313766912978,5.068331241607666
n02607072_969.jpg,18.152115153121834,0.7511200308799744,2.0398270108925214,4.640065670013428,19.671356832840733,0.7734381556510925,1.8352994555562852,4.949551105499268,20.37713605990085,0.7716014981269836,1.8955158734962587,4.786868572235107,18.359104868328725,0.7225297093391418,2.5517469152653183,4.024657726287842,20.37713605990085,0.7716014981269836,1.8955158734962587,4.786868572235107
n01914609_1431.jpg,20.1873697847098,0.8466102480888367,1.3453969603153697,4.4818949699401855,23.385088605435193,0.8590741157531738,1.3330676111474453,3.9403505325317383,23.491553240570692,0.8543546795845032,1.3668056026297413,2.8429312705993652,17.32732936050886,0.7881631851196289,1.6499711985747116,4.114353179931641,23.491553240570692,0.8543546795845032,1.3668056026297413,2.8429312705993652
n01496331_18342.jpg,15.451978038050163,0.6694404482841492,1.4208621607536973,5.965902805328369,17.74483353788598,0.7810118794441223,0.8054802322661345,5.225712776184082,19.380860467726244,0.7514649033546448,1.1849183287311122,3.88132905960083,17.33004670737506,0.6207409501075745,1.6409345705815348,5.268004417419434,19.380860467726244,0.7514649033546448,1.1849183287311122,3.88132905960083
n01917289_1769.jpg,18.302948211134716,0.8557716012001038,1.36579162146148,3.76981782913208,20.220531183743606,0.8614950180053711,1.3125151428396133,4.073044300079346,20.471921321951058,0.8548484444618225,1.3379547107873904,4.450214385986328,16.569916711411263,0.8067436814308167,1.5189454014149193,3.56376314163208,20.471921321951058,0.8548484444618225,1.3379547107873904,4.450214385986328
n01914609_13977.jpg,15.740062735897302,0.7171381115913391,1.7212119390916718,4.244323253631592,17.742388750006057,0.7537543177604675,1.4838930354272224,4.683106899261475,19.566582477428916,0.7633621692657471,1.5394539416435917,5.128567218780518,19.312528590998603,0.69513338804245,2.20303529297598,3.702863931655884,19.566582477428916,0.7633621692657471,1.5394539416435917,5.128567218780518
n01914609_12065.jpg,20.07519850016677,0.7970497608184814,2.193708497164227,3.9899795055389404,21.085176650869375,0.8000440001487732,2.050170399463247,4.103754997253418,21.234442636831353,0.7948221564292908,2.0377905467158124,3.798351526260376,19.19947227354243,0.7696486115455627,2.161598352697094,4.001682281494141,21.234442636831353,0.7948221564292908,2.0377905467158124,3.798351526260376
n01914609_2672.jpg,17.10041058116959,0.7843520045280457,2.398332794852502,5.697571754455566,20.434157802864622,0.8237676620483398,1.7387196679509866,6.7783284187316895,22.4951737916194,0.819388210773468,2.084319720927085,7.623819351196289,17.168547187723835,0.7371780872344971,3.2575727540376334,6.912252426147461,22.4951737916194,0.819388210773468,2.084319720927085,7.623819351196289
n01914609_11043.jpg,19.48776958217114,0.7005297541618347,4.531109922568019,3.6658451557159424,19.97155310031028,0.7030736804008484,4.307688328770419,3.675320863723755,20.11917061966283,0.7032328248023987,4.385704598754645,3.7105257511138916,19.41182014040098,0.7022126317024231,4.77265703101547,4.949526786804199,20.11917061966283,0.7032328248023987,4.385704598754645,3.7105257511138916
n02607072_2374.jpg,16.22928804911775,0.8285320401191711,1.4744130943264457,4.458368301391602,17.334677042370064,0.8373363614082336,1.4157643482646243,4.8409528732299805,18.283836058654444,0.8395183086395264,1.405933579556812,5.020550727844238,18.9972763878013,0.8264878392219543,1.4550571949502258,3.868605852127075,18.9972763878013,0.8264878392219543,1.4550571949502258,3.868605852127075
n02606052_20895.jpg,15.549423263287776,0.7429693341255188,2.5117005779326727,9.314535140991211,16.865452138711774,0.7637734413146973,2.289948838520743,9.853610038757324,17.997467423689105,0.7708830833435059,2.353969817487064,9.847339630126953,18.523078325943043,0.7433867454528809,2.7634220705427204,8.582986831665039,17.997467423689105,0.7708830833435059,2.353969817487064,9.847339630126953
n02607072_4325.jpg,19.879583535311347,0.7180101275444031,2.4913462468785,7.871560096740723,21.179646537756632,0.7242274880409241,2.231219260890701,7.734160423278809,21.88641519396706,0.7220855355262756,2.193995502841487,7.69097375869751,20.594984842547778,0.6993045806884766,2.221576540373174,7.1634321212768555,20.594984842547778,0.6993045806884766,2.221576540373174,7.1634321212768555
n01917289_88.jpg,17.119032337626553,0.8132502436637878,3.099396471691173,5.441323280334473,19.64955428922124,0.8347249031066895,2.5125598329118706,5.516261577606201,20.74261077505515,0.8329033851623535,2.6929067001010085,4.741786956787109,16.592179143257738,0.7616136074066162,3.9310167954692763,3.9066929817199707,20.74261077505515,0.8329033851623535,2.6929067001010085,4.741786956787109
n01914609_8171.jpg,17.407870408658443,0.7736155390739441,2.1417928996641153,5.126735687255859,18.461746124694212,0.7739615440368652,1.942595941416603,5.469728469848633,18.825861338003016,0.7681859135627747,2.0666137808021507,5.187238693237305,17.25988812974482,0.737662136554718,2.743446590484417,5.472415924072266,18.825861338003016,0.7681859135627747,2.0666137808021507,5.187238693237305
n01664065_17613.jpg,17.22641571510469,0.6072230935096741,2.2263755995244985,3.9536190032958984,19.824561559083417,0.6395085453987122,1.2659243764863377,3.366297721862793,20.815336430069618,0.6567251682281494,1.527927008337978,3.308856964111328,16.56533349278704,0.4712570905685425,3.290976856005732,4.332866668701172,20.815336430069618,0.6567251682281494,1.527927008337978,3.308856964111328
n02606052_6062.jpg,18.624161538833867,0.5566943287849426,3.705334442160927,4.772087097167969,20.92999413899905,0.6549549698829651,2.180253795375857,4.694319248199463,21.262975457675857,0.6242294907569885,2.8816886180008456,3.326134204864502,17.142558847772975,0.4066876471042633,5.21261827467178,3.5722947120666504,21.262975457675857,0.6242294907569885,2.8816886180008456,3.326134204864502
n01914609_333.jpg,18.95651576737508,0.8161787986755371,1.0516957807003129,4.931450366973877,21.238473350401456,0.8363041877746582,1.020678365043156,5.6805644035339355,22.6188524959187,0.817370593547821,1.0435111473266578,5.685561180114746,19.65917155655757,0.6958603262901306,1.2402175772815396,4.238931179046631,22.6188524959187,0.817370593547821,1.0435111473266578,5.685561180114746
n02606052_8535.jpg,17.71858133125017,0.777026355266571,1.603810220727148,8.284226417541504,19.827510126904745,0.801130473613739,1.5058730775941742,8.925909042358398,21.300349490706108,0.8013005256652832,1.5384336097259874,9.080453872680664,19.231758031805775,0.7346466183662415,2.0350896367653095,7.548068046569824,21.300349490706108,0.8013005256652832,1.5384336097259874,9.080453872680664
n01914609_19188.jpg,16.40281011094425,0.6284723281860352,1.7329936199238536,8.743322372436523,19.414857403152595,0.7530708909034729,1.3652803965592606,8.501091957092285,22.135568554475068,0.7083852887153625,2.1658507642184506,7.210708141326904,19.289882033031965,0.5888136625289917,2.5793983679053323,6.10410213470459,19.414857403152595,0.7530708909034729,1.3652803965592606,8.501091957092285
n01914609_8372.jpg,17.572682411828218,0.7629995346069336,1.1152598344268738,4.055378437042236,21.526590716332517,0.8203813433647156,1.0504191784727321,3.7082622051239014,24.59118575707045,0.8354131579399109,1.1328780202649111,3.5943617820739746,17.791501841524965,0.7193341851234436,2.0579247011326838,2.834900140762329,24.59118575707045,0.8354131579399109,1.1328780202649111,3.5943617820739746
n01496331_263.jpg,16.611854287989658,0.8076891899108887,0.8896195628940815,4.849997520446777,19.055228731967087,0.8649172782897949,0.8365919258663699,4.542749404907227,20.132234157099475,0.8891528248786926,0.9465397516366003,3.4130747318267822,16.202920976331207,0.8411741852760315,1.372016670426689,4.334395408630371,20.132234157099475,0.8891528248786926,0.9465397516366003,3.4130747318267822
n01914609_868.jpg,17.47572109105452,0.8349109292030334,1.0517417496350139,5.2296013832092285,20.45407278532391,0.8474330306053162,0.9949662749372559,5.555429935455322,22.740417317494135,0.8459138870239258,1.0256272269155282,5.178663730621338,18.742291826248735,0.7979347109794617,1.2552784419303977,3.7507152557373047,22.740417317494135,0.8459138870239258,1.0256272269155282,5.178663730621338
n01914609_6048.jpg,15.361505886854186,0.692510187625885,2.4138297834004674,5.808536529541016,18.016369559952118,0.7733871340751648,1.7262204445545999,5.5805158615112305,20.53187588098698,0.8051095604896545,2.028822346552591,4.338289737701416,18.649028982054944,0.7155437469482422,3.309449851218936,5.067356109619141,20.53187588098698,0.8051095604896545,2.028822346552591,4.338289737701416
n01496331_26751.jpg,14.414407806805086,0.7691636085510254,0.6202612355053405,3.325599193572998,16.451862170921714,0.8069334030151367,0.5736480454091024,3.9057209491729736,17.819212279515394,0.8215104937553406,0.59722289132459,3.488058090209961,15.753089271651408,0.7822968363761902,0.7419578538459259,4.8151421546936035,17.819212279515394,0.8215104937553406,0.59722289132459,3.488058090209961
n01664065_9302.jpg,19.167259417722757,0.7270175814628601,2.043925514761776,3.5246224403381348,23.45255031481618,0.8160355687141418,1.247105869004471,3.612464666366577,24.077235057715104,0.8025123476982117,1.4184635050025813,3.626619577407837,16.406383451240547,0.6075090765953064,2.8531199864144776,4.407935619354248,24.077235057715104,0.8025123476982117,1.4184635050025813,3.626619577407837
n01917289_2204.jpg,18.32354362424725,0.8563092350959778,0.9203980431659444,2.906895399093628,21.641908112227917,0.8744514584541321,0.8949012877802608,3.0803465843200684,24.62212935289237,0.8728320002555847,0.9157759944012465,2.1831324100494385,20.07273038017271,0.8096871376037598,1.1596327661263774,2.875361919403076,24.62212935289237,0.8728320002555847,0.9157759944012465,2.1831324100494385
n01914609_10620.jpg,19.249936404153743,0.8121071457862854,1.8988963669427061,5.82927131652832,22.253207525781562,0.8399084210395813,1.8671367979384677,6.005908966064453,23.874362142132384,0.8378402590751648,2.0844401265199446,6.435544967651367,19.025024339099833,0.7627097964286804,3.0002111823107294,7.314135551452637,23.874362142132384,0.8378402590751648,2.0844401265199446,6.435544967651367
n01917289_652.jpg,17.221934909214934,0.8087410926818848,2.7324447674119465,3.518941879272461,19.25119490390994,0.8467972874641418,2.234063773183032,3.4649763107299805,21.01787377793835,0.8602223992347717,2.276842575064075,3.306159257888794,20.32775683081828,0.8372465968132019,2.9984960567261436,2.8155059814453125,21.01787377793835,0.8602223992347717,2.276842575064075,3.306159257888794
n02606052_13908.jpg,18.383806847644173,0.8305758833885193,1.46103524144192,5.335165500640869,20.536752534959515,0.8557343482971191,1.361530759676846,5.636822700500488,20.637885432094592,0.8476877212524414,1.4296344259364957,5.731584072113037,16.103861287770286,0.7367783188819885,2.404853324604315,4.616916179656982,20.637885432094592,0.8476877212524414,1.4296344259364957,5.731584072113037
n01914609_8983.jpg,16.788230302601857,0.7195146679878235,1.1927824370340543,4.648163318634033,19.78176101300645,0.7874392867088318,1.1062246635640764,4.53369140625,22.730464777736465,0.8106982111930847,1.1885349612298834,4.228200435638428,19.861578630142034,0.7393719553947449,1.6565511775355084,4.008697986602783,22.730464777736465,0.8106982111930847,1.1885349612298834,4.228200435638428
n01496331_25215.jpg,13.78485818033999,0.8082830905914307,0.8006769219181854,3.0116846561431885,15.548159965834408,0.8391358852386475,0.5492388600880672,3.0921261310577393,16.708927264573365,0.8497005105018616,0.5822373839191316,3.055325508117676,15.162745469189879,0.8302087783813477,1.0977721130475562,4.4344024658203125,16.708927264573365,0.8497005105018616,0.5822373839191316,3.055325508117676
n01917289_5563.jpg,18.21853596348821,0.8413744568824768,2.9157100895689814,6.9351372718811035,19.191824856542713,0.846283495426178,2.5934674328413996,7.27689266204834,19.754875067314867,0.8414432406425476,2.521862673029324,7.353451251983643,19.160212285964572,0.80891352891922,2.487586090746509,5.998299598693848,19.160212285964572,0.80891352891922,2.487586090746509,5.998299598693848
n01914609_10678.jpg,19.68255452335152,0.8184523582458496,3.1347665351802516,5.225614070892334,21.08304473808594,0.8228870034217834,2.8936188046827396,5.193277835845947,21.53997558166332,0.8170168995857239,2.8817740770223876,4.874016761779785,19.217015763686035,0.7854312062263489,3.04274834945602,4.053267478942871,21.53997558166332,0.8170168995857239,2.8817740770223876,4.874016761779785
n02607072_101.jpg,20.56499958741274,0.6757009625434875,2.4700119531311087,5.182396411895752,22.221362062615576,0.697368323802948,2.0674154626685595,4.876442909240723,22.109615109779796,0.6920291781425476,2.2328494299611945,4.75577974319458,18.16791847187713,0.6100124716758728,3.131968468176457,5.405144691467285,22.109615109779796,0.6920291781425476,2.2328494299611945,4.75577974319458
n02607072_4501.jpg,19.163914408941377,0.8012648224830627,1.7774960463118687,4.9855451583862305,21.221426840011706,0.8411648273468018,1.4230676587977094,5.333556175231934,21.116242493846165,0.8161015510559082,1.5449886217409348,5.292516231536865,16.565645311901243,0.6727473139762878,2.4668078482666083,4.938508987426758,21.116242493846165,0.8161015510559082,1.5449886217409348,5.292516231536865
n02607072_5383.jpg,16.313494995632634,0.777923583984375,0.7127837184569454,4.391766548156738,18.287031110682953,0.7930023074150085,0.6800128168599417,5.061805248260498,19.037894170549738,0.7886109352111816,0.704680252290528,5.4568681716918945,15.802230777076664,0.7206916213035583,0.9040450629959338,4.3670220375061035,19.037894170549738,0.7886109352111816,0.704680252290528,5.4568681716918945
n01496331_12116.jpg,17.96145641404285,0.7351016402244568,1.3134882671628223,4.632207870483398,20.601257725287397,0.7741317749023438,0.9769288635519346,3.09770131111145,21.77637270368628,0.7677443623542786,1.3303104609490735,1.8203506469726562,17.45087721888264,0.6441957950592041,1.8855376137779938,3.7325439453125,21.77637270368628,0.7677443623542786,1.3303104609490735,1.8203506469726562
n01917289_898.jpg,18.683391276770802,0.8245865702629089,2.362306683288992,5.761033058166504,20.310742324538896,0.8415176868438721,2.0277832751386557,6.393680095672607,21.08730254361282,0.830564558506012,2.0610545204977453,6.6635894775390625,18.92430279598175,0.7569706439971924,2.7213966436036756,4.5232133865356445,21.08730254361282,0.830564558506012,2.0610545204977453,6.6635894775390625
n01917289_2152.jpg,18.166158554727904,0.8104064464569092,1.982242972768885,7.090240955352783,20.95465093805967,0.8247421383857727,1.6077075481911096,7.511755466461182,21.07102473084552,0.8121018409729004,1.6974367696075285,7.163046836853027,15.492603170399146,0.7064281105995178,2.6976798247849274,4.548797607421875,21.07102473084552,0.8121018409729004,1.6974367696075285,7.163046836853027
n02607072_12569.jpg,14.451693998250406,0.6201642155647278,2.365294184108312,4.929741382598877,17.062894930695304,0.7077532410621643,1.3984874745094276,5.430490970611572,19.70357347084471,0.7474221587181091,1.488696841596544,5.495423316955566,18.400547232340934,0.6537174582481384,2.673732367528882,3.2161147594451904,19.70357347084471,0.7474221587181091,1.488696841596544,5.495423316955566
n01917289_643.jpg,14.81906915316439,0.6428044438362122,1.0434657572195505,6.293302059173584,17.357878961218045,0.6770727038383484,1.0048785142911976,6.924571990966797,19.519422795983676,0.6919775009155273,1.0465183865484529,7.174347877502441,17.23209380485948,0.6524926424026489,1.3721296932849802,5.143993377685547,19.519422795983676,0.6919775009155273,1.0465183865484529,7.174347877502441
n01917289_2527.jpg,19.576310311715915,0.8118000030517578,2.0376428589514104,4.1479926109313965,23.505130315119935,0.8836618065834045,1.6226619035621996,3.7854864597320557,25.191678021601426,0.8739787936210632,1.7638960603209966,3.337339162826538,18.29888692695452,0.7127664685249329,3.431574350551351,3.752408266067505,25.191678021601426,0.8739787936210632,1.7638960603209966,3.337339162826538
n02607072_2180.jpg,16.71201398665665,0.6776375770568848,1.398512213433933,7.580033302307129,17.419307980863717,0.6838802695274353,1.3304996723611613,7.397466659545898,17.883893925508335,0.6835660338401794,1.305609698268729,7.199278831481934,17.80872150271965,0.6676022410392761,1.2946445910597946,6.358770370483398,17.80872150271965,0.6676022410392761,1.2946445910597946,6.358770370483398
n02607072_5439.jpg,16.103774711284863,0.6773983836174011,1.1542049148486864,3.8189637660980225,18.325565250461104,0.6917741894721985,1.0628895986405151,4.587982177734375,19.43582326032868,0.6901521682739258,1.099343734381932,3.765902042388916,16.150843260798254,0.634087085723877,1.2969422782593387,5.478539943695068,19.43582326032868,0.6901521682739258,1.099343734381932,3.765902042388916
n01914609_382.jpg,14.958598797773288,0.6761639714241028,4.086219069990514,6.4439496994018555,16.83272158500684,0.7324187159538269,2.7974032891115277,6.783228874206543,17.902299877839084,0.7393990159034729,3.4821678305550154,5.5158915519714355,15.779440858708679,0.6172971725463867,5.481242247599802,4.3108229637146,17.902299877839084,0.7393990159034729,3.4821678305550154,5.5158915519714355
n02606052_2521.jpg,18.199235035819942,0.745074987411499,1.9217719712426677,11.812786102294922,20.841847093778874,0.7935896515846252,1.6915005140690136,12.2459716796875,22.186795292910553,0.7932810187339783,1.9265032533043578,12.250757217407227,18.293203797815988,0.7294245362281799,2.5686084724970044,10.1447172164917,20.841847093778874,0.7935896515846252,1.6915005140690136,12.2459716796875
n01665541_16406.jpg,17.75610546618334,0.7535708546638489,0.970862185946171,2.937506914138794,21.380099479927324,0.76348477602005,0.6679922172403162,3.384544849395752,22.99023813509766,0.7704432606697083,0.7286871659442303,3.4336886405944824,16.633755664394407,0.638953447341919,1.5028591575220531,3.7744140625,22.99023813509766,0.7704432606697083,0.7286871659442303,3.4336886405944824
n02607072_307.jpg,18.740555049234153,0.7986259460449219,1.3847332832487718,4.5818352699279785,21.034560027103883,0.8308592438697815,1.2481586334765957,4.553685665130615,22.423541457535784,0.8375098705291748,1.2582771088523175,4.720694541931152,19.4368870781475,0.7636992335319519,1.4199586483204425,4.504960536956787,22.423541457535784,0.8375098705291748,1.2582771088523175,4.720694541931152
n01914609_7121.jpg,19.82437553067185,0.7820408940315247,1.5121611822424776,5.401062488555908,22.77006523435482,0.7861455082893372,1.4362273812797173,5.386812686920166,22.019771318297323,0.7742212414741516,1.5186405899316127,4.428102493286133,15.749676117044123,0.6546540260314941,2.7798699777504092,3.5528812408447266,22.019771318297323,0.7742212414741516,1.5186405899316127,4.428102493286133
n01496331_11015.jpg,16.497296242172784,0.7725265026092529,0.7813033769714383,3.3179242610931396,18.970943772277728,0.8085310459136963,0.676047085349934,3.644226551055908,20.02992501866949,0.8148415088653564,0.7139130082904208,3.2870981693267822,15.953616935879445,0.7341930270195007,1.198675776905152,2.3889834880828857,20.02992501866949,0.8148415088653564,0.7139130082904208,3.2870981693267822
n01496331_27322.jpg,19.510905919555977,0.7935771942138672,0.9682012663930504,2.1290392875671387,22.323015970485333,0.8167769312858582,0.9434265079471741,2.055154323577881,23.0453731098536,0.8153748512268066,0.9984004722937596,2.138430595397949,17.840217474742676,0.7443912029266357,1.27843993866222,4.779220104217529,23.0453731098536,0.8153748512268066,0.9984004722937596,2.138430595397949
n01914609_4513.jpg,18.734830146932136,0.7917200922966003,1.1379821230734395,5.505490303039551,21.28413958740969,0.8010889887809753,1.092698095816467,4.773065090179443,23.114296016713567,0.792403519153595,1.0966937103795529,3.905463933944702,20.096594702521784,0.7311880588531494,1.1851701750443524,3.2309560775756836,23.114296016713567,0.792403519153595,1.0966937103795529,3.905463933944702
n02607072_4655.jpg,17.787266754955166,0.8330983519554138,1.5202997893651014,8.35799789428711,20.68035667492331,0.8557992577552795,1.4731622383151355,8.88009262084961,22.021543163699775,0.8518290519714355,1.5538032709032588,8.396279335021973,17.181326571398422,0.7591740489006042,2.093110848259122,5.001780986785889,22.021543163699775,0.8518290519714355,1.5538032709032588,8.396279335021973
n02606052_22897.jpg,18.410933396430327,0.7700920701026917,1.0954951387506937,9.93290901184082,21.429776805886398,0.7895195484161377,1.0309668959203446,9.705546379089355,23.068372032356308,0.7871004939079285,1.051812372732447,9.127775192260742,18.15818004195633,0.7197389602661133,1.2916988141881491,7.806693077087402,23.068372032356308,0.7871004939079285,1.051812372732447,9.127775192260742
n01496331_970.jpg,17.38964785740622,0.6925591826438904,1.2101055892823114,5.980401515960693,19.497543899366978,0.6991333365440369,1.076805522804469,4.925177097320557,20.212758798637672,0.6975646615028381,1.4329219866420226,3.964432716369629,16.65627363405892,0.6728715300559998,1.2288527949285846,5.104552268981934,20.212758798637672,0.6975646615028381,1.4329219866420226,3.964432716369629
n01496331_29399.jpg,15.10128060199128,0.7284839749336243,0.794348440479647,3.305906057357788,17.22477028659718,0.7865235209465027,0.6904799257804204,2.982990026473999,18.48979241537977,0.7979039549827576,0.7928043020521407,3.470968008041382,15.937045561592129,0.7059065699577332,1.3331043796153068,4.832041263580322,18.48979241537977,0.7979039549827576,0.7928043020521407,3.470968008041382
n01914609_3381.jpg,17.885793448092244,0.7435609698295593,1.9149532732051247,7.81017541885376,20.932161862426895,0.7752318978309631,1.4766742028423891,8.27527141571045,22.29111985470653,0.7731049060821533,1.5729535645609403,7.701423645019531,17.097836075879997,0.6928286552429199,2.3227268044157925,7.033473014831543,22.29111985470653,0.7731049060821533,1.5729535645609403,7.701423645019531
n02607072_5393.jpg,16.666705355900483,0.8116785883903503,0.8809585099432742,4.367274284362793,19.467993528099576,0.8272817134857178,0.8060798456126268,5.0026631355285645,21.320464504480356,0.823707640171051,0.8181662208328779,4.824314117431641,17.337320114734133,0.7648730278015137,0.8923780326633148,5.384604454040527,21.320464504480356,0.823707640171051,0.8181662208328779,4.824314117431641
n01917289_4386.jpg,18.664552481177104,0.7844336032867432,1.1109806255741639,6.807962894439697,20.39392800754399,0.8124990463256836,1.0926421003953606,6.636453628540039,20.71130216008931,0.8166937828063965,1.1411143586694843,6.212451457977295,17.391373283821256,0.773723304271698,1.2712897216301338,6.086452960968018,20.39392800754399,0.8124990463256836,1.0926421003953606,6.636453628540039
n01914609_3948.jpg,16.727216479029952,0.7259588241577148,2.733957790888293,7.3216233253479,19.68888923004,0.777334451675415,2.024024596227734,6.970441818237305,22.34967467549042,0.7684456706047058,2.5291241438935295,4.3935136795043945,19.14904500689317,0.657440721988678,3.87438331474354,4.9909539222717285,22.34967467549042,0.7684456706047058,2.5291241438935295,4.3935136795043945
n02606052_22844.jpg,21.1485470727974,0.7245432734489441,2.489136454747131,10.552188873291016,22.656306451037516,0.7258484363555908,2.3225463469616905,10.27622127532959,23.586933459163973,0.7399086952209473,2.3824863613120604,10.0430326461792,22.346737134701677,0.7547698616981506,2.8390822451821847,9.767048835754395,23.586933459163973,0.7399086952209473,2.3824863613120604,10.0430326461792
n02606052_9081.jpg,18.911171033807484,0.8454095721244812,0.6711207719043835,3.3745017051696777,22.724655274736513,0.9092018008232117,0.6165205767714956,3.4517552852630615,24.604765245527823,0.9077496528625488,0.6668604760637216,3.184279441833496,17.830651822999492,0.7194474339485168,1.5842997261586607,2.9606635570526123,24.604765245527823,0.9077496528625488,0.6668604760637216,3.184279441833496
n01914609_180.jpg,14.771100587745341,0.7601208686828613,1.4996792829783867,4.8133978843688965,16.65919381312952,0.8002907633781433,1.2840514833121122,4.913221836090088,17.751229163510473,0.8074126243591309,1.3664767535138005,4.233072280883789,15.540430301089284,0.7399115562438965,1.933403163947855,4.1459879875183105,17.751229163510473,0.8074126243591309,1.3664767535138005,4.233072280883789
n01914609_7508.jpg,14.607803971115455,0.7452502250671387,1.4819079280376488,5.462168216705322,16.232227768260255,0.7676666378974915,1.3335902715144634,5.282831192016602,17.787162909746442,0.7780550122261047,1.3534349393818839,4.301164150238037,18.79296062326,0.7728925347328186,1.782986640970746,3.8184800148010254,17.787162909746442,0.7780550122261047,1.3534349393818839,4.301164150238037
n02607072_1485.jpg,22.53524783494331,0.7670581936836243,2.6077493767913738,4.7795023918151855,24.377742030756167,0.8551469445228577,1.9717981897288903,4.262211322784424,24.81874287010224,0.8338136076927185,2.3067534643038057,3.8656609058380127,21.470253350623032,0.5961682200431824,4.460590671333918,5.512507915496826,24.81874287010224,0.8338136076927185,2.3067534643038057,3.8656609058380127
n01914609_19210.jpg,20.89866825320599,0.8026649951934814,2.9340123210542703,4.29976749420166,23.55430099995544,0.8460204601287842,2.5763729643808215,3.414983034133911,24.120997852820093,0.7960626482963562,3.293150775768447,3.2693653106689453,19.277247519069306,0.6079860925674438,4.912204483017881,5.425408363342285,23.55430099995544,0.8460204601287842,2.5763729643808215,3.414983034133911
n02606052_17683.jpg,20.818770703488447,0.8664767146110535,1.4874061850352989,8.746380805969238,24.462527144700637,0.8895285725593567,1.3322558910328546,9.337753295898438,24.592823635490745,0.8693887591362,1.423098759695954,9.23871898651123,17.703873915640106,0.7327594757080078,2.2402910699701772,7.908570766448975,24.592823635490745,0.8693887591362,1.423098759695954,9.23871898651123
n01914609_481.jpg,13.008720485430718,0.7210872769355774,0.7908826904491644,3.206869125366211,15.087064222873483,0.7578546404838562,0.7137043444039488,3.781682014465332,17.19842166738268,0.7779264450073242,0.7437716889677317,3.1303727626800537,17.837473152580714,0.7583096027374268,0.9569421189695895,3.8998208045959473,17.19842166738268,0.7779264450073242,0.7437716889677317,3.1303727626800537
n01914609_4343.jpg,18.021737631727916,0.7660261988639832,1.0765150101584486,3.6134374141693115,20.329936486506664,0.7752229571342468,1.0313858566873202,3.4423182010650635,22.17548745123908,0.7722789645195007,1.0349945321350813,2.9741363525390625,20.231645746917387,0.7345337867736816,1.150087111603131,3.1634039878845215,22.17548745123908,0.7722789645195007,1.0349945321350813,2.9741363525390625
n02607072_8500.jpg,15.31152741332259,0.7137444019317627,2.0879694311001638,4.837618827819824,16.98345073470984,0.7470816969871521,1.7482058981066468,5.560698986053467,17.69148487600051,0.748906672000885,1.8456729524268192,5.287255764007568,15.215812863070852,0.649867594242096,2.9894464621246986,4.211110591888428,17.69148487600051,0.748906672000885,1.8456729524268192,5.287255764007568
n02607072_587.jpg,16.83129180263249,0.7415143847465515,1.8216407587948544,4.111518383026123,19.347839089334805,0.7967813014984131,1.5958609735306575,4.490745544433594,20.464809344960166,0.7865182757377625,1.9221236466467873,5.048534393310547,16.559225648462682,0.6561188697814941,3.105775601972593,5.021852493286133,20.464809344960166,0.7865182757377625,1.9221236466467873,5.048534393310547
n02607072_2210.jpg,17.029072562487187,0.7454999089241028,2.563017784616494,6.4247822761535645,19.464724605142237,0.7733818888664246,2.30139778130875,7.402809143066406,20.977403186820744,0.780549943447113,2.4901032926418196,7.4748430252075195,17.7454060637502,0.7269220352172852,3.8658050602250427,5.841573238372803,20.977403186820744,0.780549943447113,2.4901032926418196,7.4748430252075195
n01664065_2261.jpg,16.434901771465807,0.5590029358863831,2.2842893749813533,6.247653484344482,18.925911519725613,0.6126275062561035,1.1101736545247345,5.685941696166992,20.372380890693876,0.6468379497528076,1.5456565320717228,4.288589954376221,17.024142609296007,0.5164346694946289,2.477314248511306,4.377667427062988,20.372380890693876,0.6468379497528076,1.5456565320717228,4.288589954376221
n01664065_31022.jpg,17.326536698240748,0.6905443072319031,1.7220562112776214,3.9633922576904297,20.8790835824275,0.7910866141319275,1.2714571625493793,4.826136589050293,23.95653007942155,0.8033867478370667,1.462486511841837,4.80400276184082,18.630854841817953,0.6546412110328674,2.73585436056173,3.028229236602783,23.95653007942155,0.8033867478370667,1.462486511841837,4.80400276184082
n02607072_824.jpg,19.447033726879425,0.8363844752311707,1.5530999927761802,5.926567554473877,20.989407701974727,0.8395323157310486,1.4654855495601578,6.42844820022583,22.021112210336135,0.8300392031669617,1.4518993345375648,6.576827526092529,20.995558042782967,0.7821862697601318,1.5148773150983814,4.9800124168396,20.995558042782967,0.7821862697601318,1.5148773150983814,4.9800124168396
n01665541_28647.jpg,18.338934257120087,0.729583203792572,2.0974743833943377,6.699085235595703,21.579496252369402,0.7557281851768494,1.0122479843819612,5.781612396240234,22.123164429097773,0.7079400420188904,1.1888803393366025,4.5039567947387695,16.15128162531684,0.5731644034385681,1.946370371583165,5.818715572357178,22.123164429097773,0.7079400420188904,1.1888803393366025,4.5039567947387695
n01664065_18335.jpg,17.285454177697886,0.7112655639648438,1.147355643468904,6.832061767578125,18.825821987416425,0.7127696871757507,1.0895319103673935,7.333817481994629,19.60242240412168,0.7112535834312439,1.0986206346785667,7.269034385681152,17.71636100334803,0.6962471008300781,1.3131654913629425,5.0484418869018555,19.60242240412168,0.7112535834312439,1.0986206346785667,7.269034385681152
n02606052_5596.jpg,18.92129913092345,0.8105146288871765,1.2019540602318424,8.404441833496094,21.00850315823895,0.819765567779541,1.0526156568637581,9.23555850982666,20.663274196787448,0.8101649284362793,1.081517852504306,9.086977005004883,15.774840929487732,0.748053252696991,1.2951727945148153,8.434571266174316,20.663274196787448,0.8101649284362793,1.081517852504306,9.086977005004883
n01914609_5611.jpg,18.090614787685432,0.776439368724823,1.413397652429743,7.14530086517334,20.05870053425307,0.810563862323761,1.2989501141750612,7.0962815284729,20.845076926223012,0.8169950842857361,1.350160903569667,5.82650089263916,17.720874491127645,0.7600579261779785,1.6870459155640853,5.224372386932373,20.845076926223012,0.8169950842857361,1.350160903569667,5.82650089263916
n01917289_668.jpg,16.366506132513035,0.8505080342292786,1.4978642676727634,3.1859116554260254,19.692801220445958,0.8888153433799744,1.322583731956613,3.1253747940063477,22.713395873533123,0.9007573127746582,1.4216910023252345,3.164602041244507,18.158333079332223,0.8422287106513977,2.0310743049017,4.084553241729736,22.713395873533123,0.9007573127746582,1.4216910023252345,3.164602041244507
n02606052_6272.jpg,15.630801955676626,0.6223868727684021,1.847273135111461,11.423137664794922,17.890399515895442,0.753922164440155,1.4609344338798862,10.895567893981934,20.15648946113068,0.8315431475639343,2.141590464842044,9.786334991455078,20.283035848151076,0.7672702670097351,2.400232940359924,8.74202823638916,17.890399515895442,0.753922164440155,1.4609344338798862,10.895567893981934
n01496331_11728.jpg,16.74991079536217,0.7811226844787598,2.234420344170556,3.605536699295044,18.227077595682484,0.8105494379997253,1.814060216512131,3.0628888607025146,19.19746606127513,0.8219638466835022,1.9242165495503234,3.1323623657226562,18.202277579312,0.787946879863739,3.0616636308336673,3.8605682849884033,19.19746606127513,0.8219638466835022,1.9242165495503234,3.1323623657226562
n01917289_4970.jpg,17.301886205699276,0.7761068344116211,1.438691536184905,4.176985263824463,21.37700877993214,0.8209170699119568,1.3991964230803449,4.494983673095703,25.722213568815214,0.8308324813842773,1.476266073649079,3.9384307861328125,18.66241144367763,0.7403624057769775,2.2035255184632083,2.6464788913726807,25.722213568815214,0.8308324813842773,1.476266073649079,3.9384307861328125
n02606052_4682.jpg,20.375640368833547,0.8734487891197205,1.5667383538804942,7.612431049346924,24.810410102744072,0.8987728953361511,1.2910688672740278,7.942320346832275,25.507661445365667,0.881610631942749,1.348604290100383,7.70135498046875,17.483604789380173,0.7590824961662292,1.9536121727977207,7.270062446594238,25.507661445365667,0.881610631942749,1.348604290100383,7.70135498046875
n02606052_18945.jpg,16.070551579673523,0.6843826174736023,2.313334308485069,7.592273712158203,18.595675721505454,0.7081074714660645,1.2822242063074194,7.1790595054626465,20.05970948568447,0.7085325717926025,1.4486742627484035,6.66968297958374,16.572224732282244,0.5721524357795715,2.861671893602581,6.2112717628479,20.05970948568447,0.7085325717926025,1.4486742627484035,6.66968297958374
n01914609_5796.jpg,15.797320630110933,0.7161300778388977,1.4057429226849854,4.634218692779541,16.17340414292768,0.7096657752990723,1.283306512179065,5.072817325592041,16.282175907651,0.7020654678344727,1.2747711712959466,5.547723770141602,15.693564207755673,0.6887140274047852,1.4013453062676786,4.416500091552734,16.282175907651,0.7020654678344727,1.2747711712959466,5.547723770141602
n02607072_12226.jpg,17.281130953977954,0.7692105174064636,1.7255351577234093,7.323034286499023,20.191485920530077,0.8133118748664856,1.3308698830857655,7.979860305786133,21.817494738529337,0.8153097033500671,1.3928913122410045,7.400631427764893,17.235871651996828,0.6949766278266907,2.0899522115065823,4.22140645980835,21.817494738529337,0.8153097033500671,1.3928913122410045,7.400631427764893
n01917289_5444.jpg,16.092031576100904,0.7223677635192871,1.4179117254210971,3.63156795501709,18.534660918012694,0.7590506672859192,1.3253906245659457,3.670297145843506,19.792030274600943,0.7673494219779968,1.3990998700194022,3.5836148262023926,16.092535974093867,0.6980292201042175,1.9757632907541773,4.066728115081787,19.792030274600943,0.7673494219779968,1.3990998700194022,3.5836148262023926
n02607072_4997.jpg,18.775927485797673,0.709534227848053,3.241273045317352,6.931719779968262,21.944881533157947,0.7898163199424744,2.3371496453845477,7.030536651611328,24.125190780993336,0.799222469329834,2.604382779501419,5.671209335327148,19.395797386892735,0.6483277678489685,4.791881506311896,4.4858198165893555,24.125190780993336,0.799222469329834,2.604382779501419,5.671209335327148
n01914609_1137.jpg,14.79707030539734,0.756523847579956,1.8174187376004558,2.976008176803589,17.408285522076838,0.8027481436729431,1.6533798805948243,3.237598419189453,19.888681697974743,0.823808491230011,1.7593775706091352,2.995424270629883,18.07494518924317,0.7742155194282532,2.4504952893998713,4.169997215270996,19.888681697974743,0.823808491230011,1.7593775706091352,2.995424270629883
n01914609_495.jpg,17.262149764415888,0.7195757031440735,1.575133550227085,7.273751258850098,18.90832934067359,0.7382638454437256,1.2521010008970368,6.749762058258057,19.775998101282642,0.7408064007759094,1.3041884502153007,6.191432952880859,17.821890846818114,0.6877689361572266,1.7967408200756916,4.740106582641602,19.775998101282642,0.7408064007759094,1.3041884502153007,6.191432952880859
n01914609_8998.jpg,15.262935408553798,0.7016696929931641,1.1737286855667401,2.2086334228515625,17.308763326823666,0.7566449642181396,0.9931967305326913,2.9307079315185547,18.317308975533134,0.7746037840843201,1.070388437117599,3.7752292156219482,15.398213603221462,0.7034034729003906,1.7341132346394512,3.47465181350708,18.317308975533134,0.7746037840843201,1.070388437117599,3.7752292156219482
n01914609_3101.jpg,17.304828997090766,0.7641129493713379,3.080301336771028,7.547351837158203,19.58666206095096,0.8060436248779297,2.419810068701306,7.350803852081299,20.429230298296087,0.7935075759887695,2.702163745397491,6.592123508453369,16.6767968912916,0.6917622685432434,3.7588146665530786,4.033450603485107,20.429230298296087,0.7935075759887695,2.702163745397491,6.592123508453369
n01496331_4059.jpg,13.180608919315056,0.8117492198944092,0.35631582262235606,3.952084541320801,14.63195086530961,0.8440964818000793,0.3225450826151872,3.9665164947509766,15.496923943695734,0.8616195321083069,0.33495013779381183,3.581403970718384,14.191261933883252,0.8483867645263672,0.43222846712443297,5.100207328796387,15.496923943695734,0.8616195321083069,0.33495013779381183,3.581403970718384
n01914609_7897.jpg,18.05081616704691,0.7984743118286133,2.0473640161033115,3.9536211490631104,21.414705314752034,0.8262226581573486,1.7751589085600905,3.914776563644409,22.73103435092455,0.823338508605957,1.9487547172706468,3.304367780685425,16.7516105081232,0.7230839729309082,3.064822702543081,3.5563981533050537,22.73103435092455,0.823338508605957,1.9487547172706468,3.304367780685425
n01665541_2082.jpg,7.876256857394189,0.4942832887172699,0.9252363348708122,2.660060405731201,8.883929919954314,0.5383175015449524,0.3915467678773302,2.637453556060791,9.858783181339321,0.5734004378318787,0.37727558246263027,2.661667823791504,11.271415855175428,0.614684522151947,0.4114391411683355,2.522995710372925,9.858783181339321,0.5734004378318787,0.37727558246263027,2.661667823791504
n02607072_4216.jpg,14.639355313184712,0.7212942242622375,1.005416018419348,3.63019061088562,16.761429113417744,0.7512779235839844,1.0150038089512878,4.176885604858398,18.242853385315595,0.7621054649353027,1.0633135942969718,4.125189781188965,16.131807173791493,0.7217860817909241,1.2996635197338668,5.7900214195251465,18.242853385315595,0.7621054649353027,1.0633135942969718,4.125189781188965
n01917289_440.jpg,11.424261176097092,0.647172749042511,0.8331786202934437,2.305979013442993,12.983966801992132,0.6872117519378662,0.6922282499455996,2.313554286956787,14.401505294561279,0.7140825390815735,0.708008867824979,2.3703720569610596,15.023267058301188,0.7284066081047058,0.7945301262659437,2.6906850337982178,15.023267058301188,0.7284066081047058,0.7945301262659437,2.6906850337982178
n01914609_19598.jpg,21.869441223535148,0.7575586438179016,1.3033066294621871,6.40626335144043,20.266009155612746,0.7469057440757751,0.7472576767519867,5.904014587402344,17.313814394946398,0.7103317379951477,0.7857417576246826,4.100488662719727,12.57715784871355,0.5794811844825745,1.4035487597015277,4.629979133605957,20.266009155612746,0.7469057440757751,0.7472576767519867,5.904014587402344
n01917289_513.jpg,14.910840951362673,0.7130290865898132,1.5368006192289743,5.372528076171875,17.307609669182256,0.7644450664520264,1.034006040150381,5.5170817375183105,19.248508069216463,0.7845963835716248,1.090191958925459,4.789000988006592,17.1720131266624,0.7273218631744385,1.7875065547945657,5.1036882400512695,19.248508069216463,0.7845963835716248,1.090191958925459,4.789000988006592
n01496331_49.jpg,14.624883290139422,0.7925896644592285,0.8211841850911841,2.314467430114746,17.427336787015694,0.8313214778900146,0.79277093359727,2.5664846897125244,20.533784432576923,0.8517354130744934,0.8288972386892606,2.513097047805786,19.29079027435568,0.836148202419281,1.026922058176305,3.817981719970703,20.533784432576923,0.8517354130744934,0.8288972386892606,2.513097047805786
n01664065_14320.jpg,21.249543143454485,0.7806126475334167,1.3010208312996143,6.4587812423706055,23.84930993430499,0.8273447155952454,1.1577461795599593,7.710752010345459,21.39795917014616,0.8102352023124695,1.3039445810126389,7.33260440826416,14.859023420814655,0.7029280662536621,1.957472786127949,4.263195514678955,23.84930993430499,0.8273447155952454,1.1577461795599593,7.710752010345459
n01917289_97.jpg,18.12432619921845,0.8410165905952454,1.155208971949833,5.125921726226807,19.493510547444842,0.8475348949432373,1.1288455891516183,6.103952407836914,19.268947946830906,0.8457613587379456,1.1450862335647867,6.274582862854004,15.666931159845019,0.8181164264678955,1.2537988336336352,3.718639850616455,19.268947946830906,0.8457613587379456,1.1450862335647867,6.274582862854004
n02606052_21087.jpg,17.470521318839427,0.7934969067573547,1.9472778384200626,5.828705310821533,20.346982509831083,0.8200966715812683,1.7079411631513346,6.337342262268066,21.918048897399544,0.81915283203125,1.8082772244383347,5.800418853759766,17.3718633807526,0.74080890417099,2.7160228151401133,4.806898593902588,21.918048897399544,0.81915283203125,1.8082772244383347,5.800418853759766
n01917289_305.jpg,15.584025002055757,0.742671549320221,3.5114117308211408,13.111852645874023,17.189542580133832,0.762691080570221,3.202096271319394,12.051100730895996,18.961197486806036,0.7710285186767578,3.2372460553343956,11.04974365234375,21.995851401575575,0.7573583126068115,3.42361629866464,9.861299514770508,18.961197486806036,0.7710285186767578,3.2372460553343956,11.04974365234375
n01496331_12097.jpg,15.258661527572134,0.7173050045967102,1.4991029992463512,5.5932841300964355,17.592126483396793,0.7847651839256287,1.343283635194802,5.2571892738342285,19.57697524645521,0.7983724474906921,1.6725294539152191,4.505474090576172,18.044948760762146,0.7339652180671692,2.2903301730137278,5.54449987411499,17.592126483396793,0.7847651839256287,1.343283635194802,5.2571892738342285
n01496331_4811.jpg,13.613856370797997,0.6722682118415833,0.6307363004781095,3.487192153930664,16.285004695465492,0.7136887907981873,0.543906567757606,3.443892002105713,19.64847424411795,0.7393893599510193,0.5608302299283777,3.63205623626709,21.303712274721235,0.7339767813682556,0.700327685218193,4.66382360458374,19.64847424411795,0.7393893599510193,0.5608302299283777,3.63205623626709
n02607072_2457.jpg,17.13879023571572,0.8287165760993958,0.8122413656302783,3.5278797149658203,20.510201012267657,0.8633787631988525,0.7159443693263168,4.3362932205200195,23.51082829954938,0.8678793907165527,0.7425500784916745,3.971585988998413,18.673660364894957,0.8133034706115723,1.0037348480264543,3.3367507457733154,23.51082829954938,0.8678793907165527,0.7425500784916745,3.971585988998413
n02607072_3630.jpg,14.80572689907741,0.6296648979187012,3.1541501938452345,5.526061534881592,16.887541216140495,0.6947991251945496,1.9037268252393191,5.666916847229004,18.297125625217163,0.7041795253753662,2.2367757242107533,4.582402229309082,16.268362823714483,0.6259583830833435,3.356515069978501,4.982619762420654,18.297125625217163,0.7041795253753662,2.2367757242107533,4.582402229309082
n01917289_3014.jpg,16.38572111155153,0.5492281317710876,2.2755091570565993,10.246190071105957,18.93265620010326,0.644949197769165,1.7773272169101828,9.897435188293457,20.513609786279208,0.62655109167099,2.299258438735019,9.386542320251465,17.428073920177404,0.5432980060577393,2.290207059979729,9.076648712158203,18.93265620010326,0.644949197769165,1.7773272169101828,9.897435188293457
n01914609_563.jpg,12.72285103111863,0.6172685027122498,2.680426460283088,3.3838279247283936,14.141893818893445,0.6538862586021423,1.829264328163755,3.8089964389801025,15.06718094172758,0.6707973480224609,1.9473389309052869,3.7953879833221436,14.113525916709058,0.6371599435806274,2.7912035038463623,4.37191915512085,15.06718094172758,0.6707973480224609,1.9473389309052869,3.7953879833221436
n02606052_3416.jpg,15.683158048419985,0.7861769199371338,1.972866492161058,6.577552318572998,18.346035761242213,0.8305366039276123,1.5824919799256305,6.6091156005859375,20.46443324934152,0.8422210812568665,1.6940519662607796,6.083292484283447,17.50389354909528,0.7681951522827148,2.6287621648227653,6.03548526763916,20.46443324934152,0.8422210812568665,1.6940519662607796,6.083292484283447
n02607072_5037.jpg,17.45216923375863,0.7602652907371521,2.1235129135939066,4.574441432952881,19.839927920784902,0.8069602847099304,1.8546208237691562,4.626396656036377,21.17831359764149,0.8169169425964355,2.0584087494649577,3.998426914215088,17.81248998079909,0.7342422008514404,3.4176488893268457,4.382998466491699,21.17831359764149,0.8169169425964355,2.0584087494649577,3.998426914215088
n01665541_1669.jpg,18.616292803555822,0.7282373309135437,1.7020086758086352,5.184290885925293,19.593749847437696,0.8053278923034668,1.1456409109939159,5.9223856925964355,18.2176030142597,0.8183442950248718,1.2482179277160683,5.383774280548096,13.596562734956187,0.7370793223381042,1.868177381939223,5.924717903137207,19.593749847437696,0.8053278923034668,1.1456409109939159,5.9223856925964355
n01917289_1207.jpg,13.760460023062166,0.6789225935935974,2.2823074596067725,3.502249240875244,15.625431023117613,0.7157668471336365,1.9006182883023623,3.9783589839935303,16.98484632985246,0.7296352386474609,2.1054124785446993,3.5942819118499756,15.664768986354336,0.6783936023712158,3.2522987102805407,5.166775226593018,16.98484632985246,0.7296352386474609,2.1054124785446993,3.5942819118499756
n01914609_4024.jpg,12.02229919900282,0.6060812473297119,2.058040093361245,7.762307167053223,13.891925023645923,0.6651303172111511,1.2446459824082947,8.824667930603027,15.82949293635486,0.70436030626297,1.3348364096277767,7.762707710266113,17.34343409369466,0.691235363483429,2.1230751050568255,5.635813236236572,15.82949293635486,0.70436030626297,1.3348364096277767,7.762707710266113
n01914609_2756.jpg,18.231597737165504,0.7930520176887512,2.00611816249443,6.898560047149658,21.660494107822057,0.8492143154144287,1.5603806995464988,6.171907424926758,24.62594023992423,0.8574502468109131,1.6418790055359258,5.524730682373047,19.54993123988235,0.7683194279670715,2.136867566765347,5.4511613845825195,24.62594023992423,0.8574502468109131,1.6418790055359258,5.524730682373047
n01914609_6259.jpg,18.750185497337657,0.6686108708381653,2.513350772632262,10.99234676361084,21.410398359309312,0.7583916187286377,1.864355907818116,10.745378494262695,23.46077704545938,0.7797731757164001,2.0286995483270553,9.9939546585083,20.59408849728223,0.6752945780754089,2.8756338554706473,6.959039688110352,23.46077704545938,0.7797731757164001,2.0286995483270553,9.9939546585083
n02607072_14589.jpg,19.7041061907908,0.5293737649917603,3.0651006950421875,7.282629013061523,21.77663243227867,0.5604228973388672,2.4286372060651873,6.623020648956299,22.424248010579056,0.5931375026702881,2.9872355531988544,5.463128089904785,18.863960289192438,0.5703391432762146,4.666768668903643,5.177824020385742,22.424248010579056,0.5931375026702881,2.9872355531988544,5.463128089904785
n02606052_6511.jpg,17.831922699638337,0.7161913514137268,1.0434802279288586,10.718831062316895,19.457045931984783,0.7237336039543152,0.886462749362237,9.929651260375977,19.049757710317945,0.7097053527832031,0.9503841403215727,9.383426666259766,14.838406543766302,0.6372519135475159,1.4100982203632286,10.555204391479492,19.049757710317945,0.7097053527832031,0.9503841403215727,9.383426666259766
n01914609_18163.jpg,16.68706285234549,0.7960007190704346,0.9065238190593841,2.656364679336548,20.600957806109825,0.8620674014091492,0.8113288333196771,2.709886074066162,25.433960280396374,0.8863993287086487,0.8757433207100888,2.446765661239624,19.3014422784838,0.788198709487915,1.4903804533379217,2.4636881351470947,25.433960280396374,0.8863993287086487,0.8757433207100888,2.446765661239624
n01914609_3792.jpg,15.87938929600101,0.7527599334716797,2.4928478021390674,9.543145179748535,16.902033882168897,0.7764557003974915,1.878817562871463,9.833830833435059,16.718291700662647,0.7466334700584412,2.078142975868433,8.889936447143555,13.855333510912875,0.5837976336479187,3.475198335305917,4.604720592498779,16.718291700662647,0.7466334700584412,2.078142975868433,8.889936447143555
n01914609_6355.jpg,18.6132932636005,0.8152911067008972,1.4111924293835854,9.021286010742188,19.829579069878307,0.8223714828491211,1.2857064979815602,8.995841026306152,20.844186547452747,0.8200563788414001,1.27139020384088,9.000088691711426,21.261530893404377,0.7975935935974121,1.283026543125144,8.461487770080566,21.261530893404377,0.7975935935974121,1.283026543125144,8.461487770080566
n01917289_4874.jpg,16.79583964438575,0.8406341671943665,1.3803288955192028,4.268540382385254,19.382360419162513,0.8617493510246277,1.2904751856283836,4.089025497436523,22.616569663897085,0.8668351173400879,1.262197078852221,3.90952205657959,24.73932681671995,0.8307167887687683,1.2774986285658538,2.6514670848846436,22.616569663897085,0.8668351173400879,1.262197078852221,3.90952205657959
n02606052_1021.jpg,18.88440024525171,0.8101856708526611,1.77964631006529,8.867868423461914,21.587351210885654,0.8232952952384949,1.6580848512911666,9.392589569091797,22.163453204472244,0.8157626986503601,1.740135742645427,9.21689224243164,17.05314284620082,0.7328011989593506,2.6515036984292197,6.753870487213135,22.163453204472244,0.8157626986503601,1.740135742645427,9.21689224243164
n02607072_6075.jpg,17.38675456694355,0.8044028282165527,1.4805694949759556,6.3366498947143555,20.185346614306944,0.8372397422790527,1.425381708841977,5.707531929016113,22.078207059133298,0.841955840587616,1.4737320937972518,4.544136047363281,18.183099741242142,0.7718212008476257,1.911576856903379,4.325855731964111,22.078207059133298,0.841955840587616,1.4737320937972518,4.544136047363281
n02606052_5014.jpg,14.358283257022599,0.7184216380119324,1.939929129162309,5.691298484802246,16.470185689567536,0.7893292307853699,1.5259494724169422,6.153107166290283,18.42780261254417,0.8171055316925049,1.8314631556747667,6.6012115478515625,18.131631769641118,0.749315083026886,3.043758814107593,5.620363235473633,18.42780261254417,0.8171055316925049,1.8314631556747667,6.6012115478515625
n01917289_1935.jpg,11.078187650218663,0.6902177333831787,1.2595115634025746,2.58258056640625,12.581260006276572,0.7351422905921936,0.871802704903303,2.6053736209869385,13.97330627044973,0.766684353351593,0.8787583420076486,2.728806257247925,14.835767275752369,0.7815334796905518,1.0025558351997947,2.7071735858917236,13.97330627044973,0.766684353351593,0.8787583420076486,2.728806257247925
n01496331_7150.jpg,16.901703133526688,0.8068552613258362,0.745126255166539,5.24008846282959,18.743884140435522,0.8158338069915771,0.7255611680473006,5.580641746520996,20.240298457726706,0.8170544505119324,0.7350709672399955,5.422337532043457,19.583185516738112,0.7992467880249023,0.7922753735665173,3.5229201316833496,20.240298457726706,0.8170544505119324,0.7350709672399955,5.422337532043457
n02606052_20452.jpg,16.089694528745145,0.7936051487922668,0.9721200954201225,6.346137523651123,18.93046535169221,0.8346100449562073,0.9159622848381213,6.605147838592529,20.926044084348202,0.8447749018669128,0.9594810139270273,6.459001064300537,17.011015585402525,0.7849135398864746,1.213809761294493,7.248530387878418,20.926044084348202,0.8447749018669128,0.9594810139270273,6.459001064300537
n01496331_26148.jpg,14.103381086575844,0.6841699481010437,1.3920376104342223,4.516011714935303,16.70002198738133,0.7480849623680115,1.0062223231237435,4.149111747741699,19.525742413398,0.7793732285499573,1.0798660711908932,3.452619791030884,19.108396299822974,0.7372293472290039,1.8328145959446371,5.620450973510742,19.525742413398,0.7793732285499573,1.0798660711908932,3.452619791030884
n02606052_16059.jpg,16.23096404853689,0.7986986637115479,1.769777743986535,7.294155597686768,19.05801645991351,0.8434621691703796,1.5955400017802324,7.514309883117676,22.17429959837152,0.8605365753173828,1.6328584853865493,6.603321552276611,20.794811043771308,0.8251206278800964,2.1111002600312077,6.494075775146484,22.17429959837152,0.8605365753173828,1.6328584853865493,6.603321552276611
n02606052_13243.jpg,16.8685516508041,0.799048125743866,1.4612318453124753,8.311640739440918,19.977725761203406,0.8499476313591003,1.1520410084033121,8.423819541931152,22.376284719327096,0.8563961982727051,1.2612361362018147,8.60622787475586,17.99639370076787,0.770258367061615,1.714810162724079,8.640473365783691,22.376284719327096,0.8563961982727051,1.2612361362018147,8.60622787475586
n01914609_3208.jpg,13.776372358498904,0.7266599535942078,0.9176231902066465,5.153383255004883,15.211162833745178,0.7377832531929016,0.880545649517152,4.939031600952148,16.398777394886174,0.7385126948356628,0.8936472776375968,4.7223076820373535,16.540045392149665,0.7071671485900879,0.9823588746139627,3.8277409076690674,16.398777394886174,0.7385126948356628,0.8936472776375968,4.7223076820373535
n02606052_11831.jpg,20.64149246820935,0.7518952488899231,2.357266178243249,7.437387943267822,22.958693258551666,0.7768316268920898,1.8854293544157188,7.432400703430176,24.17098034192894,0.776313304901123,1.9711990709113287,7.156993865966797,20.812754316105796,0.7061629295349121,3.012812211252319,7.227074146270752,24.17098034192894,0.776313304901123,1.9711990709113287,7.156993865966797
n01664065_3540.jpg,17.397897913729764,0.698714554309845,1.8356183342077355,3.83532452583313,20.325810325012416,0.8094951510429382,1.1137426178561483,4.367579936981201,21.496172390992072,0.7883889079093933,1.5506735823450686,4.865530967712402,17.048406947949765,0.6011351943016052,2.9050329280252063,4.002572059631348,21.496172390992072,0.7883889079093933,1.5506735823450686,4.865530967712402
n01917289_1460.jpg,18.322483358708894,0.825506865978241,1.7527184058655598,5.099739074707031,20.703693081347083,0.8383715748786926,1.7036597027462554,4.976078033447266,22.673006959080652,0.8380265235900879,1.69578205112126,4.74542236328125,20.722662500383443,0.8032658100128174,1.7334721698976618,4.113985538482666,22.673006959080652,0.8380265235900879,1.69578205112126,4.74542236328125
n01914609_261.jpg,16.55626446629472,0.7508485317230225,1.6531199036825515,4.2277350425720215,18.553056061221508,0.7685935497283936,1.6055801925696533,5.107710838317871,20.12883323377238,0.7732574343681335,1.6356206344890267,5.288353443145752,18.901727132810137,0.744638979434967,1.9318177495279145,3.4103939533233643,20.12883323377238,0.7732574343681335,1.6356206344890267,5.288353443145752
n02606052_7648.jpg,14.939314660472586,0.697610080242157,1.1643802821622495,6.016845703125,17.368121183858545,0.7366192936897278,1.0768518020965712,6.399528503417969,19.327594841731653,0.7487332224845886,1.1346557529469592,6.466709136962891,17.079504221489536,0.7001779675483704,1.5433345031876116,5.854923725128174,19.327594841731653,0.7487332224845886,1.1346557529469592,6.466709136962891
n01496331_3867.jpg,16.864220885092006,0.769477903842926,0.732761622000909,1.596055030822754,20.846981844336927,0.8307170271873474,0.6372033239360384,2.1488354206085205,25.189779834899838,0.8519628643989563,0.6924177028000983,2.4181430339813232,18.55726025510854,0.7800860404968262,1.1244090389676196,2.3956289291381836,25.189779834899838,0.8519628643989563,0.6924177028000983,2.4181430339813232
n02606052_16081.jpg,21.585858559846667,0.7763504385948181,3.0044457505945203,8.97680950164795,24.0846334600726,0.8204476237297058,2.433757275391906,9.08156967163086,24.403376629773103,0.8037480711936951,2.555765194161335,8.543944358825684,19.49118652434153,0.6568568348884583,4.1880767338185825,7.573683738708496,24.403376629773103,0.8037480711936951,2.555765194161335,8.543944358825684
n01496331_3966.jpg,12.759953068727505,0.6287281513214111,1.1159438078808221,3.8436341285705566,14.78524476977084,0.6878425478935242,0.703887056153083,4.138306140899658,16.780313248654767,0.7225332856178284,0.7220347556255231,4.3041672706604,17.208199983352245,0.7263884544372559,0.8437840129832477,4.341155529022217,16.780313248654767,0.7225332856178284,0.7220347556255231,4.3041672706604
n01914609_1620.jpg,16.897658001790223,0.8179907202720642,1.1205101038129626,6.426929473876953,19.25124601881367,0.8498687744140625,1.033406782335459,6.1214070320129395,21.366799064614188,0.8563475608825684,1.0551617313977233,5.826600074768066,19.998715839728373,0.7935865521430969,1.3227236151315052,4.776516437530518,21.366799064614188,0.8563475608825684,1.0551617313977233,5.826600074768066
n01496331_6444.jpg,17.355944331114202,0.7968697547912598,3.379754259460187,4.087669372558594,18.824190752096175,0.8162158131599426,3.039335517784732,3.764122247695923,19.72754655084049,0.8207285404205322,3.090238680156931,3.7279393672943115,18.497597963441972,0.791573703289032,3.599113233814099,3.3950510025024414,19.72754655084049,0.8207285404205322,3.090238680156931,3.7279393672943115
n01917289_4496.jpg,15.498830978575917,0.6383844017982483,1.9630684379681451,5.212037086486816,17.79420428390286,0.6815358996391296,1.5000623261300083,5.8899712562561035,19.618713548878034,0.6947291493415833,1.5705477743828031,6.217343807220459,17.687913845197496,0.6235365867614746,2.425154871263847,4.951229095458984,19.618713548878034,0.6947291493415833,1.5705477743828031,6.217343807220459
n01496331_31368.jpg,11.276199305741539,0.48203253746032715,2.769959778496424,4.720408916473389,13.248309801654525,0.5603435039520264,1.090082629705121,4.9117960929870605,15.567701001316507,0.6127353310585022,1.1002885362199124,5.11808967590332,19.422253013412615,0.6461982727050781,1.3734268475157583,3.781087875366211,15.567701001316507,0.6127353310585022,1.1002885362199124,5.11808967590332
n01914609_11338.jpg,17.85962546819683,0.7127935290336609,2.048255156344195,5.6049089431762695,19.257123763081015,0.7198088765144348,1.7088584789129269,5.7790846824646,19.718046375435907,0.701700747013092,1.7394359197168947,5.978342056274414,17.41261006596312,0.6174907088279724,2.172361299255076,4.616883277893066,19.718046375435907,0.701700747013092,1.7394359197168947,5.978342056274414
n01917289_4995.jpg,15.721398865382792,0.7799801826477051,1.64226127988406,5.9098381996154785,18.9532563030094,0.8191046714782715,1.5788329985509844,6.326708793640137,22.972513327768848,0.8363198637962341,1.6501171187439163,5.491174221038818,20.582798050047522,0.7949300408363342,2.2124141773327564,3.2078912258148193,22.972513327768848,0.8363198637962341,1.6501171187439163,5.491174221038818
n01917289_4219.jpg,15.037274592937976,0.8012307286262512,1.5150872755269391,3.2204885482788086,16.66607560229837,0.8201406598091125,1.46958030352326,3.6635141372680664,18.54066162925906,0.8302626013755798,1.4578937140344284,3.8555424213409424,22.4872114837439,0.8276130557060242,1.482035401987667,2.204941987991333,18.54066162925906,0.8302626013755798,1.4578937140344284,3.8555424213409424
n01917289_3605.jpg,17.32565961878345,0.669544517993927,2.015210756753913,6.53290319442749,19.22780127286227,0.6957717537879944,1.4895498609110787,6.703158378601074,20.300188173338547,0.6917381882667542,1.5458175350917749,6.220465660095215,17.9906860518598,0.608500063419342,2.318621844881074,4.943785190582275,20.300188173338547,0.6917381882667542,1.5458175350917749,6.220465660095215
n02606052_14194.jpg,15.85317704783911,0.7812962532043457,0.7142583586527781,4.286790370941162,18.479324249736294,0.8161042332649231,0.6238697812884085,4.742136478424072,20.710566997508472,0.825459897518158,0.712978208631778,5.310302734375,18.183618981826648,0.7658612132072449,0.97510646541122,5.64447021484375,20.710566997508472,0.825459897518158,0.712978208631778,5.310302734375
n01496331_29246.jpg,12.88159469072487,0.5444931387901306,2.507959427092332,3.8452746868133545,14.50621732182427,0.6035107970237732,0.9152835025056549,3.739048480987549,15.696845898091787,0.6297749876976013,1.0044517558421524,3.3086318969726562,14.90173253430514,0.6018429398536682,1.4457177264121583,3.4635913372039795,15.696845898091787,0.6297749876976013,1.0044517558421524,3.3086318969726562
n01496331_31777.jpg,17.013439918105316,0.711646318435669,0.7484602995908092,6.2251386642456055,19.60953833140691,0.7176070213317871,0.7370692013152625,6.113337516784668,21.515227951840302,0.7054638266563416,0.7567405589603671,5.579209804534912,18.497295371233314,0.6391893029212952,0.8754297074537479,5.573780536651611,21.515227951840302,0.7054638266563416,0.7567405589603671,5.579209804534912
n01914609_6236.jpg,19.445381368141387,0.8147706985473633,1.9677286739572777,5.185197353363037,21.630100527557808,0.8179063200950623,1.8453993345558937,4.219148635864258,21.739968120206786,0.811562716960907,2.1535854731415296,3.62446928024292,17.190643770775264,0.7489200234413147,2.967097556016629,5.217423915863037,21.739968120206786,0.811562716960907,2.1535854731415296,3.62446928024292
n02607072_2345.jpg,20.348796464402174,0.8224959373474121,1.1074288702248265,3.820131778717041,22.841054126913413,0.8290290832519531,1.088354252779145,4.447632312774658,21.68339913960777,0.8138781189918518,1.1092320514597034,4.329613208770752,15.720738050529036,0.7211186289787292,1.2335855594507508,4.66200590133667,21.68339913960777,0.8138781189918518,1.1092320514597034,4.329613208770752
n01496331_3304.jpg,16.325754237054472,0.8804619908332825,0.3728262392849336,4.115023136138916,17.23355636567749,0.8865736126899719,0.36817934029344074,4.915549278259277,16.999309380676063,0.8818249702453613,0.3711705249663215,5.099696636199951,14.165741155455713,0.8461583256721497,0.40238895091212834,3.0402894020080566,16.999309380676063,0.8818249702453613,0.3711705249663215,5.099696636199951
n01917289_5392.jpg,17.94569932309868,0.7950430512428284,1.7633106082618568,4.787783622741699,18.7590431675193,0.8015613555908203,1.631062998642204,4.881690502166748,19.319571671697172,0.8010355830192566,1.6024718426838944,4.984572410583496,19.27770305892328,0.7846484780311584,1.6048766302781095,4.673587799072266,19.27770305892328,0.7846484780311584,1.6048766302781095,4.673587799072266
n02607072_2060.jpg,14.984215649244456,0.7308405041694641,1.0684919014328447,6.1704020500183105,16.53292977734938,0.7421450018882751,1.0383277019013604,6.832864284515381,17.212919831947744,0.7413735389709473,1.0748069387364934,6.524736404418945,15.033106843937121,0.7057929039001465,1.2581134924953417,5.997256278991699,17.212919831947744,0.7413735389709473,1.0748069387364934,6.524736404418945
n02606052_13294.jpg,20.368914495696696,0.8219623565673828,2.4454215466690594,7.039278507232666,22.7991803622944,0.8346566557884216,2.273535534280837,7.587952136993408,23.082197577455563,0.8336898684501648,2.471887921998185,7.694565773010254,18.29871008849133,0.7775589823722839,3.369344059992452,7.254278659820557,23.082197577455563,0.8336898684501648,2.471887921998185,7.694565773010254
n01496331_31995.jpg,15.349132833011783,0.6574953198432922,3.155541046220793,7.6799468994140625,17.39929860400029,0.7464604377746582,1.7409648890406668,7.886085510253906,18.72271671073595,0.7233338952064514,2.101308971343025,6.168624401092529,16.67463184120376,0.5459889769554138,3.6969815820984877,3.7614781856536865,18.72271671073595,0.7233338952064514,2.101308971343025,6.168624401092529
n01914609_20161.jpg,15.432084807463184,0.650903582572937,2.680298987108122,6.568721771240234,17.054930204617825,0.7246087193489075,1.571082214633008,5.555506229400635,17.767377701965053,0.6389427781105042,2.302282741284362,3.7268667221069336,15.814434176087664,0.531609058380127,2.9681319870595875,4.744585037231445,17.054930204617825,0.7246087193489075,1.571082214633008,5.555506229400635
n01914609_5459.jpg,17.000366534092826,0.7571719288825989,1.6100061378167663,5.45489501953125,20.276077872207175,0.8015586733818054,1.4388146663258214,5.427206516265869,23.281569328689322,0.8112040162086487,1.5225616115870595,3.8777973651885986,18.88049219561299,0.7363379597663879,2.418636974369501,4.483467102050781,23.281569328689322,0.8112040162086487,1.5225616115870595,3.8777973651885986
n01914609_16498.jpg,12.990844422740103,0.7011287808418274,1.2564965665196834,5.504318714141846,14.972821915120347,0.7397136688232422,1.030214282821309,5.948060035705566,16.79265951460817,0.7596908211708069,1.0656682994092992,6.043391704559326,16.64155012890186,0.7375006675720215,1.3669096424376947,6.006709575653076,16.79265951460817,0.7596908211708069,1.0656682994092992,6.043391704559326
n01914609_11062.jpg,15.572064620177358,0.8485203385353088,1.0516743312380614,3.8991081714630127,17.720828250635577,0.8655257225036621,1.046776958011017,4.083601474761963,19.16307661220622,0.8682820200920105,1.083216856302781,3.9130921363830566,16.842295928755686,0.8279857039451599,1.2545743769274043,2.3037233352661133,19.16307661220622,0.8682820200920105,1.083216856302781,3.9130921363830566
n01917289_3922.jpg,15.156922373527122,0.7410798072814941,1.1667764646514531,6.518008708953857,17.176845876364556,0.7674026489257812,1.1495637733014752,6.197864055633545,18.78215476940739,0.7814118266105652,1.1767206680464923,4.705447196960449,17.53187697471959,0.7736821174621582,1.3516661230771077,5.850284099578857,18.78215476940739,0.7814118266105652,1.1767206680464923,4.705447196960449
n02607072_1502.jpg,16.28176927263747,0.7200477123260498,2.021179943737691,4.108304977416992,19.502084260067566,0.8017852306365967,1.423198319588956,4.455507278442383,22.171093632030775,0.8206549286842346,1.5656312947097162,4.643770694732666,17.702742439506135,0.6830636858940125,3.1319951213195227,4.937544345855713,22.171093632030775,0.8206549286842346,1.5656312947097162,4.643770694732666
n02606052_5468.jpg,18.247273717827255,0.8453404307365417,1.573592545401016,8.101387023925781,21.471032834780548,0.8797960877418518,1.5295415634090426,8.244933128356934,23.08612414856217,0.8688306212425232,1.611072803471317,7.589905738830566,17.61787537587255,0.7435467839241028,2.847608304342552,5.261145114898682,23.08612414856217,0.8688306212425232,1.611072803471317,7.589905738830566
n01917289_730.jpg,16.077442381492453,0.7853507995605469,1.4586889976643072,7.725447654724121,17.32486038974872,0.7928574085235596,1.3800303449109421,7.3430070877075195,18.398495076611688,0.7913030982017517,1.4034697287913223,6.9332594871521,18.985894310903333,0.7637351155281067,1.5831835088464947,5.234732627868652,18.398495076611688,0.7913030982017517,1.4034697287913223,6.9332594871521
